Product_ID,Product_Name,Category,Demand,Inventory,Supplier_ID,Supplier_Name,Supplier_Cost,Lead_Time,Holding_Cost,Order_Cost,Date
P956,Laptop,Electronics,354,22,S001,GlobalTech Supplies,500,7,10,100,2024-03-19
P342,Smartphone,Electronics,352,38,S002,ElectroWorld Distributors,300,3,8,100,2024-07-25
P880,Tablet,Electronics,226,38,S002,ElectroWorld Distributors,200,14,5,100,2024-03-05
P358,Smartphone,Electronics,104,97,S003,GadgetHub Inc.,300,13,8,100,2024-12-17
P965,Smartphone,Electronics,187,76,S001,GlobalTech Supplies,300,13,8,100,2024-03-19
P038,Laptop,Electronics,493,82,S003,GadgetHub Inc.,500,6,10,100,2024-09-15
P908,Smartphone,Electronics,136,43,S001,GlobalTech Supplies,300,13,8,100,2024-05-26
P182,Laptop,Electronics,70,47,S001,GlobalTech Supplies,500,7,10,100,2025-01-29
P501,Smartphone,Electronics,488,42,S002,ElectroWorld Distributors,300,7,8,100,2024-06-03
P213,Laptop,Electronics,449,75,S003,GadgetHub Inc.,500,9,10,100,2024-07-31
P599,Smartphone,Electronics,413,82,S001,GlobalTech Supplies,300,11,8,100,2024-05-25
P718,Tablet,Electronics,295,44,S002,ElectroWorld Distributors,200,7,5,100,2024-02-01
P553,Smartphone,Electronics,466,30,S002,ElectroWorld Distributors,300,3,8,100,2024-11-05
P460,Tablet,Electronics,466,88,S001,GlobalTech Supplies,200,6,5,100,2024-09-02
P068,Laptop,Electronics,171,83,S003,GadgetHub Inc.,500,7,10,100,2024-02-15
P316,Tablet,Electronics,162,18,S003,GadgetHub Inc.,200,6,5,100,2024-04-02
P231,Smartphone,Electronics,148,26,S001,GlobalTech Supplies,300,6,8,100,2025-01-11
P778,Laptop,Electronics,314,93,S002,ElectroWorld Distributors,500,7,10,100,2024-09-30
P782,Smartphone,Electronics,481,47,S003,GadgetHub Inc.,300,5,8,100,2024-07-01
P433,Smartphone,Electronics,321,59,S003,GadgetHub Inc.,300,3,8,100,2024-06-30
P961,Smartphone,Electronics,431,52,S001,GlobalTech Supplies,300,10,8,100,2024-06-06
P667,Tablet,Electronics,271,66,S001,GlobalTech Supplies,200,12,5,100,2024-12-29
P324,Smartphone,Electronics,354,58,S001,GlobalTech Supplies,300,3,8,100,2024-05-19
P804,Laptop,Electronics,215,11,S001,GlobalTech Supplies,500,6,10,100,2024-06-18
P419,Tablet,Electronics,67,98,S003,GadgetHub Inc.,200,6,5,100,2024-02-09
P306,Tablet,Electronics,329,18,S002,ElectroWorld Distributors,200,5,5,100,2024-12-11
P906,Laptop,Electronics,497,57,S003,GadgetHub Inc.,500,10,10,100,2024-02-13
P786,Laptop,Electronics,73,79,S002,ElectroWorld Distributors,500,12,10,100,2024-10-23
P334,Smartphone,Electronics,137,75,S003,GadgetHub Inc.,300,5,8,100,2024-07-16
P869,Smartphone,Electronics,477,23,S003,GadgetHub Inc.,300,6,8,100,2024-09-06
P138,Tablet,Electronics,287,74,S002,ElectroWorld Distributors,200,14,5,100,2024-07-06
P552,Smartphone,Electronics,52,22,S003,GadgetHub Inc.,300,3,8,100,2024-02-28
P561,Smartphone,Electronics,371,37,S003,GadgetHub Inc.,300,13,8,100,2024-05-03
P533,Laptop,Electronics,105,80,S001,GlobalTech Supplies,500,3,10,100,2024-05-14
P586,Smartphone,Electronics,401,61,S001,GlobalTech Supplies,300,13,8,100,2024-04-10
P839,Laptop,Electronics,165,82,S002,ElectroWorld Distributors,500,3,10,100,2025-01-19
P516,Laptop,Electronics,346,92,S003,GadgetHub Inc.,500,4,10,100,2024-06-24
P153,Laptop,Electronics,275,91,S001,GlobalTech Supplies,500,14,10,100,2024-02-01
P007,Tablet,Electronics,467,79,S001,GlobalTech Supplies,200,4,5,100,2024-12-10
P600,Tablet,Electronics,327,53,S001,GlobalTech Supplies,200,7,5,100,2024-05-09
P805,Laptop,Electronics,204,49,S002,ElectroWorld Distributors,500,7,10,100,2024-04-27
P750,Tablet,Electronics,470,95,S001,GlobalTech Supplies,200,5,5,100,2024-03-12
P846,Tablet,Electronics,216,45,S001,GlobalTech Supplies,200,14,5,100,2024-06-07
P607,Tablet,Electronics,54,69,S003,GadgetHub Inc.,200,10,5,100,2024-04-07
P465,Laptop,Electronics,77,72,S003,GadgetHub Inc.,500,12,10,100,2024-06-24
P200,Smartphone,Electronics,500,90,S003,GadgetHub Inc.,300,13,8,100,2024-08-29
P717,Smartphone,Electronics,363,70,S003,GadgetHub Inc.,300,11,8,100,2024-04-09
P540,Laptop,Electronics,90,30,S003,GadgetHub Inc.,500,6,10,100,2024-07-04
P041,Laptop,Electronics,132,21,S003,GadgetHub Inc.,500,8,10,100,2024-09-06
P080,Tablet,Electronics,226,58,S003,GadgetHub Inc.,200,3,5,100,2024-06-07
P429,Tablet,Electronics,234,29,S003,GadgetHub Inc.,200,12,5,100,2024-09-06
P642,Tablet,Electronics,91,43,S003,GadgetHub Inc.,200,9,5,100,2024-05-24
P648,Laptop,Electronics,171,55,S002,ElectroWorld Distributors,500,13,10,100,2024-03-19
P193,Tablet,Electronics,298,100,S002,ElectroWorld Distributors,200,4,5,100,2024-08-27
P260,Laptop,Electronics,379,16,S001,GlobalTech Supplies,500,9,10,100,2024-08-18
P240,Tablet,Electronics,167,16,S003,GadgetHub Inc.,200,14,5,100,2024-08-16
P616,Tablet,Electronics,255,19,S002,ElectroWorld Distributors,200,5,5,100,2025-01-16
P264,Smartphone,Electronics,218,83,S003,GadgetHub Inc.,300,6,8,100,2025-01-05
P283,Smartphone,Electronics,145,93,S001,GlobalTech Supplies,300,5,8,100,2024-02-03
P562,Laptop,Electronics,405,19,S002,ElectroWorld Distributors,500,10,10,100,2024-07-30
P542,Smartphone,Electronics,462,48,S003,GadgetHub Inc.,300,12,8,100,2024-10-08
P407,Smartphone,Electronics,129,57,S002,ElectroWorld Distributors,300,11,8,100,2024-11-21
P258,Tablet,Electronics,396,60,S002,ElectroWorld Distributors,200,5,5,100,2024-04-15
P273,Tablet,Electronics,97,74,S001,GlobalTech Supplies,200,11,5,100,2024-08-14
P089,Tablet,Electronics,359,59,S003,GadgetHub Inc.,200,10,5,100,2025-01-24
P127,Laptop,Electronics,176,20,S002,ElectroWorld Distributors,500,9,10,100,2025-01-10
P187,Laptop,Electronics,469,11,S001,GlobalTech Supplies,500,3,10,100,2024-12-29
P301,Tablet,Electronics,306,90,S001,GlobalTech Supplies,200,7,5,100,2024-05-13
P255,Smartphone,Electronics,119,52,S002,ElectroWorld Distributors,300,11,8,100,2024-07-01
P643,Tablet,Electronics,271,78,S003,GadgetHub Inc.,200,6,5,100,2024-08-01
P261,Tablet,Electronics,275,48,S001,GlobalTech Supplies,200,4,5,100,2024-04-20
P591,Smartphone,Electronics,131,57,S003,GadgetHub Inc.,300,12,8,100,2025-01-17
P399,Smartphone,Electronics,116,87,S001,GlobalTech Supplies,300,4,8,100,2024-12-31
P957,Laptop,Electronics,237,88,S003,GadgetHub Inc.,500,7,10,100,2024-02-08
P772,Laptop,Electronics,246,84,S002,ElectroWorld Distributors,500,14,10,100,2024-02-13
P669,Tablet,Electronics,164,83,S002,ElectroWorld Distributors,200,11,5,100,2024-08-23
P249,Tablet,Electronics,469,91,S001,GlobalTech Supplies,200,12,5,100,2024-10-01
P910,Smartphone,Electronics,466,15,S002,ElectroWorld Distributors,300,4,8,100,2024-10-03
P713,Laptop,Electronics,221,51,S001,GlobalTech Supplies,500,3,10,100,2024-07-06
P411,Tablet,Electronics,131,82,S001,GlobalTech Supplies,200,14,5,100,2024-06-29
P823,Tablet,Electronics,159,72,S001,GlobalTech Supplies,200,8,5,100,2024-06-02
P637,Laptop,Electronics,453,49,S002,ElectroWorld Distributors,500,13,10,100,2024-08-18
P396,Smartphone,Electronics,90,100,S001,GlobalTech Supplies,300,14,8,100,2024-11-22
P894,Laptop,Electronics,392,72,S002,ElectroWorld Distributors,500,12,10,100,2024-03-28
P230,Smartphone,Electronics,321,34,S003,GadgetHub Inc.,300,13,8,100,2024-10-30
P860,Tablet,Electronics,100,54,S002,ElectroWorld Distributors,200,4,5,100,2024-09-27
P872,Laptop,Electronics,391,57,S003,GadgetHub Inc.,500,5,10,100,2024-08-30
P078,Laptop,Electronics,497,83,S002,ElectroWorld Distributors,500,4,10,100,2024-07-30
P430,Smartphone,Electronics,348,57,S003,GadgetHub Inc.,300,7,8,100,2024-07-04
P174,Laptop,Electronics,426,13,S001,GlobalTech Supplies,500,7,10,100,2025-01-05
P980,Tablet,Electronics,79,39,S003,GadgetHub Inc.,200,3,5,100,2024-06-12
P695,Tablet,Electronics,448,65,S002,ElectroWorld Distributors,200,11,5,100,2024-07-25
P120,Tablet,Electronics,450,79,S003,GadgetHub Inc.,200,11,5,100,2024-11-28
P581,Tablet,Electronics,258,64,S002,ElectroWorld Distributors,200,3,5,100,2024-08-31
P237,Tablet,Electronics,127,96,S003,GadgetHub Inc.,200,9,5,100,2024-11-21
P149,Laptop,Electronics,64,24,S002,ElectroWorld Distributors,500,14,10,100,2024-11-05
P509,Tablet,Electronics,117,15,S002,ElectroWorld Distributors,200,7,5,100,2024-12-11
P297,Tablet,Electronics,455,87,S003,GadgetHub Inc.,200,7,5,100,2024-04-29
P475,Tablet,Electronics,120,10,S002,ElectroWorld Distributors,200,14,5,100,2024-04-12
P053,Smartphone,Electronics,291,86,S001,GlobalTech Supplies,300,14,8,100,2024-11-28
P781,Laptop,Electronics,420,58,S002,ElectroWorld Distributors,500,5,10,100,2024-07-03
P631,Tablet,Electronics,351,27,S001,GlobalTech Supplies,200,8,5,100,2024-11-18
P608,Tablet,Electronics,190,78,S001,GlobalTech Supplies,200,14,5,100,2025-01-20
P774,Smartphone,Electronics,252,46,S001,GlobalTech Supplies,300,3,8,100,2024-07-06
P945,Laptop,Electronics,174,74,S002,ElectroWorld Distributors,500,6,10,100,2024-06-25
P933,Laptop,Electronics,333,39,S003,GadgetHub Inc.,500,3,10,100,2024-06-19
P490,Laptop,Electronics,209,83,S003,GadgetHub Inc.,500,6,10,100,2024-08-22
P841,Smartphone,Electronics,231,21,S001,GlobalTech Supplies,300,4,8,100,2024-09-28
P881,Smartphone,Electronics,461,23,S003,GadgetHub Inc.,300,13,8,100,2024-05-15
P299,Laptop,Electronics,71,27,S002,ElectroWorld Distributors,500,12,10,100,2024-08-25
P494,Laptop,Electronics,196,58,S001,GlobalTech Supplies,500,10,10,100,2024-08-24
P668,Laptop,Electronics,180,64,S003,GadgetHub Inc.,500,5,10,100,2024-11-24
P314,Tablet,Electronics,486,79,S003,GadgetHub Inc.,200,7,5,100,2025-01-13
P756,Tablet,Electronics,286,48,S001,GlobalTech Supplies,200,8,5,100,2024-06-25
P766,Laptop,Electronics,291,65,S002,ElectroWorld Distributors,500,5,10,100,2025-01-06
P010,Smartphone,Electronics,110,18,S003,GadgetHub Inc.,300,13,8,100,2024-03-07
P678,Smartphone,Electronics,470,42,S001,GlobalTech Supplies,300,4,8,100,2024-02-26
P040,Smartphone,Electronics,311,14,S002,ElectroWorld Distributors,300,8,8,100,2024-02-18
P995,Tablet,Electronics,83,10,S001,GlobalTech Supplies,200,6,5,100,2024-02-15
P204,Tablet,Electronics,171,51,S002,ElectroWorld Distributors,200,3,5,100,2024-04-13
P335,Smartphone,Electronics,483,35,S003,GadgetHub Inc.,300,6,8,100,2024-09-01
P986,Laptop,Electronics,329,84,S001,GlobalTech Supplies,500,4,10,100,2024-05-25
P060,Smartphone,Electronics,262,86,S001,GlobalTech Supplies,300,7,8,100,2024-12-12
P626,Laptop,Electronics,354,23,S002,ElectroWorld Distributors,500,14,10,100,2024-12-19
P117,Smartphone,Electronics,441,26,S003,GadgetHub Inc.,300,12,8,100,2024-05-11
P946,Laptop,Electronics,71,60,S001,GlobalTech Supplies,500,10,10,100,2024-02-10
P882,Smartphone,Electronics,190,14,S001,GlobalTech Supplies,300,7,8,100,2024-11-12
P496,Tablet,Electronics,232,21,S003,GadgetHub Inc.,200,13,5,100,2024-02-26
P488,Tablet,Electronics,441,36,S001,GlobalTech Supplies,200,6,5,100,2024-02-24
P446,Tablet,Electronics,79,13,S003,GadgetHub Inc.,200,7,5,100,2024-10-28
P449,Laptop,Electronics,359,42,S002,ElectroWorld Distributors,500,9,10,100,2024-03-01
P462,Laptop,Electronics,50,88,S001,GlobalTech Supplies,500,3,10,100,2024-06-10
P911,Tablet,Electronics,100,10,S002,ElectroWorld Distributors,200,9,5,100,2024-08-10
P511,Laptop,Electronics,296,84,S001,GlobalTech Supplies,500,3,10,100,2024-10-23
P992,Tablet,Electronics,410,48,S002,ElectroWorld Distributors,200,9,5,100,2024-09-15
P688,Smartphone,Electronics,258,11,S002,ElectroWorld Distributors,300,4,8,100,2024-03-26
P535,Tablet,Electronics,193,29,S001,GlobalTech Supplies,200,3,5,100,2024-05-11
P101,Laptop,Electronics,414,89,S003,GadgetHub Inc.,500,3,10,100,2024-10-16
P785,Laptop,Electronics,239,24,S003,GadgetHub Inc.,500,9,10,100,2024-05-03
P476,Tablet,Electronics,441,35,S003,GadgetHub Inc.,200,4,5,100,2025-01-22
P236,Smartphone,Electronics,109,46,S002,ElectroWorld Distributors,300,4,8,100,2024-10-06
P112,Laptop,Electronics,271,32,S003,GadgetHub Inc.,500,14,10,100,2024-07-28
P491,Smartphone,Electronics,140,58,S002,ElectroWorld Distributors,300,11,8,100,2024-08-15
P900,Tablet,Electronics,83,17,S001,GlobalTech Supplies,200,8,5,100,2024-03-28
P863,Laptop,Electronics,162,70,S003,GadgetHub Inc.,500,6,10,100,2024-05-25
P659,Laptop,Electronics,426,41,S003,GadgetHub Inc.,500,8,10,100,2024-08-11
P205,Tablet,Electronics,459,22,S002,ElectroWorld Distributors,200,13,5,100,2024-04-09
P748,Laptop,Electronics,308,75,S001,GlobalTech Supplies,500,4,10,100,2025-01-06
P743,Laptop,Electronics,283,95,S001,GlobalTech Supplies,500,14,10,100,2024-07-26
P923,Smartphone,Electronics,497,99,S002,ElectroWorld Distributors,300,7,8,100,2024-07-24
P968,Smartphone,Electronics,225,12,S001,GlobalTech Supplies,300,7,8,100,2024-04-30
P740,Smartphone,Electronics,136,49,S003,GadgetHub Inc.,300,14,8,100,2024-09-21
P081,Smartphone,Electronics,79,33,S003,GadgetHub Inc.,300,6,8,100,2024-12-23
P593,Laptop,Electronics,487,86,S003,GadgetHub Inc.,500,9,10,100,2024-09-26
P340,Smartphone,Electronics,306,69,S003,GadgetHub Inc.,300,10,8,100,2024-11-11
P502,Tablet,Electronics,441,68,S001,GlobalTech Supplies,200,4,5,100,2024-09-29
P624,Smartphone,Electronics,180,12,S003,GadgetHub Inc.,300,3,8,100,2024-06-30
P487,Laptop,Electronics,197,48,S003,GadgetHub Inc.,500,10,10,100,2024-09-25
P163,Smartphone,Electronics,171,78,S001,GlobalTech Supplies,300,12,8,100,2024-07-31
P477,Laptop,Electronics,185,52,S002,ElectroWorld Distributors,500,14,10,100,2024-03-22
P821,Tablet,Electronics,94,13,S002,ElectroWorld Distributors,200,14,5,100,2024-12-07
P784,Smartphone,Electronics,99,48,S003,GadgetHub Inc.,300,14,8,100,2025-01-24
P365,Laptop,Electronics,99,20,S003,GadgetHub Inc.,500,11,10,100,2024-02-21
P223,Laptop,Electronics,266,65,S001,GlobalTech Supplies,500,14,10,100,2024-09-20
P445,Smartphone,Electronics,60,13,S002,ElectroWorld Distributors,300,10,8,100,2024-08-29
P679,Smartphone,Electronics,495,52,S001,GlobalTech Supplies,300,13,8,100,2024-11-08
P305,Laptop,Electronics,89,31,S003,GadgetHub Inc.,500,8,10,100,2024-09-19
P086,Smartphone,Electronics,282,23,S001,GlobalTech Supplies,300,8,8,100,2024-08-25
P330,Laptop,Electronics,352,19,S003,GadgetHub Inc.,500,9,10,100,2024-10-23
P372,Smartphone,Electronics,302,76,S003,GadgetHub Inc.,300,13,8,100,2024-12-17
P292,Laptop,Electronics,82,97,S003,GadgetHub Inc.,500,9,10,100,2025-01-09
P082,Smartphone,Electronics,78,75,S002,ElectroWorld Distributors,300,14,8,100,2024-04-03
P406,Laptop,Electronics,293,37,S001,GlobalTech Supplies,500,10,10,100,2024-02-05
P505,Smartphone,Electronics,299,90,S003,GadgetHub Inc.,300,14,8,100,2024-06-16
P157,Tablet,Electronics,155,91,S001,GlobalTech Supplies,200,6,5,100,2024-04-19
P151,Smartphone,Electronics,135,81,S003,GadgetHub Inc.,300,11,8,100,2024-09-13
P023,Laptop,Electronics,115,86,S001,GlobalTech Supplies,500,10,10,100,2024-09-27
P646,Smartphone,Electronics,492,18,S003,GadgetHub Inc.,300,9,8,100,2024-07-18
P282,Laptop,Electronics,370,43,S001,GlobalTech Supplies,500,3,10,100,2024-03-02
P567,Laptop,Electronics,317,100,S002,ElectroWorld Distributors,500,11,10,100,2024-02-22
P725,Laptop,Electronics,191,57,S001,GlobalTech Supplies,500,14,10,100,2025-01-18
P958,Tablet,Electronics,375,61,S003,GadgetHub Inc.,200,3,5,100,2024-09-12
P657,Tablet,Electronics,134,37,S001,GlobalTech Supplies,200,8,5,100,2024-09-23
P985,Smartphone,Electronics,364,54,S002,ElectroWorld Distributors,300,10,8,100,2024-07-30
P732,Laptop,Electronics,189,50,S002,ElectroWorld Distributors,500,9,10,100,2024-03-14
P018,Smartphone,Electronics,395,84,S001,GlobalTech Supplies,300,4,8,100,2024-03-05
P944,Tablet,Electronics,75,95,S001,GlobalTech Supplies,200,5,5,100,2024-05-25
P950,Smartphone,Electronics,193,80,S003,GadgetHub Inc.,300,9,8,100,2024-12-27
P184,Smartphone,Electronics,307,100,S003,GadgetHub Inc.,300,12,8,100,2024-04-22
P295,Laptop,Electronics,441,55,S003,GadgetHub Inc.,500,4,10,100,2024-11-20
P556,Laptop,Electronics,153,28,S003,GadgetHub Inc.,500,7,10,100,2024-10-07
P840,Tablet,Electronics,316,41,S002,ElectroWorld Distributors,200,9,5,100,2024-12-28
P336,Tablet,Electronics,434,89,S002,ElectroWorld Distributors,200,8,5,100,2025-01-07
P974,Tablet,Electronics,121,62,S002,ElectroWorld Distributors,200,9,5,100,2025-01-17
P167,Laptop,Electronics,437,61,S003,GadgetHub Inc.,500,13,10,100,2024-10-11
P426,Smartphone,Electronics,269,31,S003,GadgetHub Inc.,300,9,8,100,2024-11-05
P108,Tablet,Electronics,352,42,S003,GadgetHub Inc.,200,12,5,100,2024-05-17
P587,Laptop,Electronics,395,31,S001,GlobalTech Supplies,500,11,10,100,2024-12-29
P042,Laptop,Electronics,402,28,S003,GadgetHub Inc.,500,4,10,100,2024-09-18
P979,Tablet,Electronics,71,10,S001,GlobalTech Supplies,200,11,5,100,2024-03-30
P513,Tablet,Electronics,111,73,S002,ElectroWorld Distributors,200,10,5,100,2024-10-20
P812,Smartphone,Electronics,246,79,S002,ElectroWorld Distributors,300,7,8,100,2024-08-30
P673,Laptop,Electronics,179,54,S002,ElectroWorld Distributors,500,13,10,100,2025-01-23
P284,Laptop,Electronics,405,11,S001,GlobalTech Supplies,500,8,10,100,2024-03-13
P154,Laptop,Electronics,392,24,S003,GadgetHub Inc.,500,4,10,100,2024-03-28
P415,Smartphone,Electronics,420,75,S002,ElectroWorld Distributors,300,4,8,100,2024-04-09
P203,Smartphone,Electronics,334,38,S003,GadgetHub Inc.,300,10,8,100,2024-12-05
P293,Tablet,Electronics,230,47,S003,GadgetHub Inc.,200,12,5,100,2024-11-22
P328,Tablet,Electronics,369,39,S002,ElectroWorld Distributors,200,3,5,100,2024-04-06
P312,Smartphone,Electronics,194,79,S001,GlobalTech Supplies,300,10,8,100,2024-12-20
P751,Tablet,Electronics,395,74,S001,GlobalTech Supplies,200,7,5,100,2024-04-05
P588,Laptop,Electronics,145,42,S001,GlobalTech Supplies,500,8,10,100,2024-03-05
P191,Tablet,Electronics,227,56,S002,ElectroWorld Distributors,200,10,5,100,2024-06-26
P069,Tablet,Electronics,332,13,S001,GlobalTech Supplies,200,12,5,100,2024-06-17
P993,Laptop,Electronics,244,20,S003,GadgetHub Inc.,500,14,10,100,2024-12-13
P675,Laptop,Electronics,89,73,S001,GlobalTech Supplies,500,3,10,100,2025-01-13
P806,Laptop,Electronics,367,27,S003,GadgetHub Inc.,500,11,10,100,2024-04-09
P955,Smartphone,Electronics,99,29,S003,GadgetHub Inc.,300,7,8,100,2024-08-11
P645,Smartphone,Electronics,104,26,S001,GlobalTech Supplies,300,11,8,100,2024-12-12
P606,Tablet,Electronics,120,31,S003,GadgetHub Inc.,200,4,5,100,2025-01-27
P868,Smartphone,Electronics,339,98,S001,GlobalTech Supplies,300,5,8,100,2024-05-26
P856,Laptop,Electronics,491,43,S003,GadgetHub Inc.,500,5,10,100,2024-10-18
P139,Laptop,Electronics,246,49,S001,GlobalTech Supplies,500,12,10,100,2024-05-20
P954,Smartphone,Electronics,289,64,S002,ElectroWorld Distributors,300,9,8,100,2024-12-08
P615,Tablet,Electronics,401,89,S002,ElectroWorld Distributors,200,5,5,100,2024-11-23
P834,Laptop,Electronics,326,79,S003,GadgetHub Inc.,500,14,10,100,2024-07-06
P793,Smartphone,Electronics,107,19,S001,GlobalTech Supplies,300,10,8,100,2024-03-23
P245,Smartphone,Electronics,262,44,S002,ElectroWorld Distributors,300,5,8,100,2025-01-10
P687,Tablet,Electronics,493,13,S001,GlobalTech Supplies,200,12,5,100,2024-08-10
P064,Smartphone,Electronics,273,17,S001,GlobalTech Supplies,300,5,8,100,2024-02-20
P929,Tablet,Electronics,470,77,S002,ElectroWorld Distributors,200,11,5,100,2024-03-03
P892,Laptop,Electronics,454,98,S003,GadgetHub Inc.,500,8,10,100,2025-01-17
P373,Smartphone,Electronics,240,20,S002,ElectroWorld Distributors,300,7,8,100,2024-07-20
P385,Smartphone,Electronics,357,58,S003,GadgetHub Inc.,300,8,8,100,2024-12-15
P124,Laptop,Electronics,348,52,S002,ElectroWorld Distributors,500,7,10,100,2024-05-06
P216,Laptop,Electronics,405,87,S002,ElectroWorld Distributors,500,9,10,100,2024-08-16
P073,Tablet,Electronics,166,61,S002,ElectroWorld Distributors,200,14,5,100,2024-02-08
P221,Smartphone,Electronics,437,79,S003,GadgetHub Inc.,300,12,8,100,2024-07-27
P180,Tablet,Electronics,64,55,S001,GlobalTech Supplies,200,14,5,100,2024-09-09
P948,Smartphone,Electronics,293,91,S003,GadgetHub Inc.,300,12,8,100,2024-06-09
P482,Tablet,Electronics,414,22,S002,ElectroWorld Distributors,200,10,5,100,2024-05-08
P963,Tablet,Electronics,118,89,S002,ElectroWorld Distributors,200,13,5,100,2024-10-10
P382,Tablet,Electronics,156,22,S001,GlobalTech Supplies,200,12,5,100,2024-05-13
P208,Tablet,Electronics,385,45,S003,GadgetHub Inc.,200,5,5,100,2024-12-01
P224,Smartphone,Electronics,357,11,S001,GlobalTech Supplies,300,13,8,100,2024-08-22
P749,Smartphone,Electronics,470,35,S003,GadgetHub Inc.,300,4,8,100,2024-11-18
P418,Smartphone,Electronics,160,16,S001,GlobalTech Supplies,300,4,8,100,2024-09-13
P280,Laptop,Electronics,369,46,S003,GadgetHub Inc.,500,5,10,100,2024-12-20
P175,Tablet,Electronics,496,73,S003,GadgetHub Inc.,200,7,5,100,2024-02-23
P375,Laptop,Electronics,491,55,S001,GlobalTech Supplies,500,6,10,100,2024-07-01
P367,Tablet,Electronics,287,19,S003,GadgetHub Inc.,200,9,5,100,2024-09-01
P842,Laptop,Electronics,286,11,S001,GlobalTech Supplies,500,9,10,100,2024-02-22
P085,Smartphone,Electronics,109,37,S001,GlobalTech Supplies,300,14,8,100,2024-12-27
P164,Smartphone,Electronics,291,80,S002,ElectroWorld Distributors,300,6,8,100,2024-03-11
P302,Tablet,Electronics,138,67,S003,GadgetHub Inc.,200,3,5,100,2024-07-14
P263,Laptop,Electronics,83,59,S002,ElectroWorld Distributors,500,8,10,100,2024-04-17
P541,Smartphone,Electronics,393,52,S001,GlobalTech Supplies,300,14,8,100,2024-07-27
P767,Tablet,Electronics,302,69,S003,GadgetHub Inc.,200,10,5,100,2024-10-22
P728,Smartphone,Electronics,110,27,S002,ElectroWorld Distributors,300,5,8,100,2024-02-14
P787,Laptop,Electronics,278,28,S001,GlobalTech Supplies,500,4,10,100,2024-07-17
P536,Laptop,Electronics,195,18,S003,GadgetHub Inc.,500,12,10,100,2024-08-14
P296,Tablet,Electronics,376,76,S002,ElectroWorld Distributors,200,11,5,100,2024-02-19
P665,Smartphone,Electronics,146,83,S002,ElectroWorld Distributors,300,14,8,100,2024-04-29
P904,Smartphone,Electronics,295,38,S003,GadgetHub Inc.,300,9,8,100,2024-12-05
P921,Laptop,Electronics,380,99,S003,GadgetHub Inc.,500,13,10,100,2024-03-06
P033,Tablet,Electronics,288,72,S002,ElectroWorld Distributors,200,11,5,100,2024-06-30
P850,Laptop,Electronics,106,42,S001,GlobalTech Supplies,500,7,10,100,2025-01-25
P545,Tablet,Electronics,346,40,S002,ElectroWorld Distributors,200,14,5,100,2024-03-17
P243,Laptop,Electronics,282,99,S003,GadgetHub Inc.,500,7,10,100,2024-03-16
P730,Smartphone,Electronics,496,16,S002,ElectroWorld Distributors,300,9,8,100,2024-02-06
P971,Tablet,Electronics,50,74,S002,ElectroWorld Distributors,200,6,5,100,2024-07-17
P241,Laptop,Electronics,468,44,S003,GadgetHub Inc.,500,9,10,100,2024-06-14
P455,Smartphone,Electronics,298,46,S001,GlobalTech Supplies,300,14,8,100,2024-04-02
P114,Tablet,Electronics,110,65,S001,GlobalTech Supplies,200,12,5,100,2024-04-14
P596,Smartphone,Electronics,359,83,S001,GlobalTech Supplies,300,13,8,100,2024-06-02
P467,Tablet,Electronics,274,13,S001,GlobalTech Supplies,200,11,5,100,2024-12-17
P943,Smartphone,Electronics,267,50,S002,ElectroWorld Distributors,300,12,8,100,2024-03-06
P170,Tablet,Electronics,189,23,S002,ElectroWorld Distributors,200,14,5,100,2024-07-30
P887,Smartphone,Electronics,238,25,S002,ElectroWorld Distributors,300,14,8,100,2024-04-21
P492,Smartphone,Electronics,145,70,S003,GadgetHub Inc.,300,5,8,100,2024-04-24
P928,Tablet,Electronics,300,57,S001,GlobalTech Supplies,200,3,5,100,2025-01-18
P825,Smartphone,Electronics,392,32,S002,ElectroWorld Distributors,300,10,8,100,2024-06-09
P526,Tablet,Electronics,340,15,S002,ElectroWorld Distributors,200,5,5,100,2024-04-14
P938,Tablet,Electronics,292,29,S001,GlobalTech Supplies,200,4,5,100,2024-11-01
P537,Tablet,Electronics,452,84,S003,GadgetHub Inc.,200,5,5,100,2024-07-28
P716,Smartphone,Electronics,390,80,S003,GadgetHub Inc.,300,9,8,100,2024-10-23
P026,Smartphone,Electronics,391,10,S003,GadgetHub Inc.,300,4,8,100,2024-11-30
P590,Tablet,Electronics,98,94,S003,GadgetHub Inc.,200,14,5,100,2024-07-14
P107,Tablet,Electronics,81,32,S002,ElectroWorld Distributors,200,10,5,100,2024-12-07
P313,Tablet,Electronics,191,37,S001,GlobalTech Supplies,200,6,5,100,2024-10-28
P913,Smartphone,Electronics,369,43,S002,ElectroWorld Distributors,300,13,8,100,2024-05-11
P061,Smartphone,Electronics,345,85,S002,ElectroWorld Distributors,300,7,8,100,2024-12-28
P652,Laptop,Electronics,386,87,S001,GlobalTech Supplies,500,12,10,100,2024-12-01
P201,Smartphone,Electronics,126,73,S003,GadgetHub Inc.,300,14,8,100,2024-02-14
P047,Laptop,Electronics,437,88,S002,ElectroWorld Distributors,500,3,10,100,2024-10-31
P640,Tablet,Electronics,364,29,S001,GlobalTech Supplies,200,9,5,100,2024-05-24
P456,Tablet,Electronics,308,50,S003,GadgetHub Inc.,200,12,5,100,2025-01-21
P572,Tablet,Electronics,211,25,S003,GadgetHub Inc.,200,12,5,100,2024-08-01
P885,Smartphone,Electronics,447,71,S003,GadgetHub Inc.,300,7,8,100,2024-10-30
P558,Laptop,Electronics,294,86,S003,GadgetHub Inc.,500,10,10,100,2025-01-29
P517,Smartphone,Electronics,191,13,S002,ElectroWorld Distributors,300,7,8,100,2024-04-07
P363,Laptop,Electronics,85,71,S003,GadgetHub Inc.,500,13,10,100,2024-09-10
P235,Tablet,Electronics,143,18,S003,GadgetHub Inc.,200,9,5,100,2024-10-01
P932,Laptop,Electronics,50,28,S002,ElectroWorld Distributors,500,5,10,100,2024-03-24
P970,Laptop,Electronics,58,38,S003,GadgetHub Inc.,500,12,10,100,2024-05-13
P118,Laptop,Electronics,161,50,S001,GlobalTech Supplies,500,8,10,100,2024-03-05
P731,Tablet,Electronics,475,13,S002,ElectroWorld Distributors,200,10,5,100,2024-05-29
P135,Tablet,Electronics,390,70,S001,GlobalTech Supplies,200,4,5,100,2024-07-18
P765,Smartphone,Electronics,301,17,S002,ElectroWorld Distributors,300,12,8,100,2024-06-01
P814,Tablet,Electronics,223,78,S003,GadgetHub Inc.,200,13,5,100,2024-09-15
P780,Smartphone,Electronics,441,16,S001,GlobalTech Supplies,300,3,8,100,2024-09-22
P404,Tablet,Electronics,467,98,S003,GadgetHub Inc.,200,10,5,100,2024-08-30
P242,Smartphone,Electronics,60,96,S001,GlobalTech Supplies,300,14,8,100,2024-02-19
P715,Tablet,Electronics,327,57,S003,GadgetHub Inc.,200,12,5,100,2025-01-03
P758,Tablet,Electronics,101,16,S002,ElectroWorld Distributors,200,10,5,100,2024-12-17
P649,Tablet,Electronics,311,17,S001,GlobalTech Supplies,200,14,5,100,2024-02-17
P816,Tablet,Electronics,331,58,S001,GlobalTech Supplies,200,8,5,100,2024-03-22
P874,Smartphone,Electronics,135,51,S001,GlobalTech Supplies,300,8,8,100,2024-07-21
P724,Laptop,Electronics,276,44,S001,GlobalTech Supplies,500,7,10,100,2024-06-24
P012,Tablet,Electronics,292,94,S003,GadgetHub Inc.,200,13,5,100,2024-03-04
P857,Laptop,Electronics,251,67,S002,ElectroWorld Distributors,500,6,10,100,2024-09-04
P914,Smartphone,Electronics,168,20,S002,ElectroWorld Distributors,300,9,8,100,2024-09-15
P726,Laptop,Electronics,400,68,S001,GlobalTech Supplies,500,11,10,100,2024-06-30
P534,Tablet,Electronics,134,63,S001,GlobalTech Supplies,200,8,5,100,2024-05-16
P451,Tablet,Electronics,422,31,S002,ElectroWorld Distributors,200,6,5,100,2025-01-13
P315,Smartphone,Electronics,209,87,S001,GlobalTech Supplies,300,7,8,100,2024-04-06
P103,Smartphone,Electronics,376,28,S002,ElectroWorld Distributors,300,7,8,100,2024-07-26
P262,Laptop,Electronics,426,60,S001,GlobalTech Supplies,500,14,10,100,2024-04-11
P702,Laptop,Electronics,463,56,S003,GadgetHub Inc.,500,6,10,100,2025-01-04
P022,Smartphone,Electronics,242,60,S001,GlobalTech Supplies,300,6,8,100,2024-10-05
P570,Laptop,Electronics,390,35,S002,ElectroWorld Distributors,500,7,10,100,2024-05-16
P978,Laptop,Electronics,491,62,S002,ElectroWorld Distributors,500,10,10,100,2024-08-29
P917,Laptop,Electronics,411,68,S003,GadgetHub Inc.,500,3,10,100,2024-09-22
P055,Laptop,Electronics,406,71,S001,GlobalTech Supplies,500,7,10,100,2024-06-04
P879,Smartphone,Electronics,497,30,S003,GadgetHub Inc.,300,3,8,100,2024-08-16
P566,Tablet,Electronics,416,39,S001,GlobalTech Supplies,200,3,5,100,2024-10-26
P792,Smartphone,Electronics,141,23,S003,GadgetHub Inc.,300,11,8,100,2024-11-17
P983,Tablet,Electronics,282,96,S002,ElectroWorld Distributors,200,14,5,100,2024-06-21
P899,Laptop,Electronics,437,78,S001,GlobalTech Supplies,500,10,10,100,2024-05-20
P142,Smartphone,Electronics,141,90,S003,GadgetHub Inc.,300,8,8,100,2024-10-02
P930,Smartphone,Electronics,103,54,S002,ElectroWorld Distributors,300,13,8,100,2024-07-07
P277,Smartphone,Electronics,302,46,S002,ElectroWorld Distributors,300,12,8,100,2024-05-13
P323,Smartphone,Electronics,440,92,S002,ElectroWorld Distributors,300,13,8,100,2024-10-23
P520,Laptop,Electronics,429,64,S002,ElectroWorld Distributors,500,14,10,100,2024-10-20
P833,Smartphone,Electronics,373,95,S002,ElectroWorld Distributors,300,8,8,100,2024-11-29
P092,Laptop,Electronics,84,59,S003,GadgetHub Inc.,500,14,10,100,2024-05-09
P703,Tablet,Electronics,388,66,S002,ElectroWorld Distributors,200,14,5,100,2024-11-27
P179,Tablet,Electronics,444,89,S001,GlobalTech Supplies,200,11,5,100,2024-04-04
P531,Smartphone,Electronics,219,35,S003,GadgetHub Inc.,300,10,8,100,2024-11-07
P036,Tablet,Electronics,109,93,S003,GadgetHub Inc.,200,10,5,100,2024-03-06
P133,Tablet,Electronics,338,93,S001,GlobalTech Supplies,200,3,5,100,2024-12-07
P229,Laptop,Electronics,105,100,S002,ElectroWorld Distributors,500,13,10,100,2024-06-06
P495,Laptop,Electronics,152,89,S001,GlobalTech Supplies,500,10,10,100,2024-08-09
P735,Laptop,Electronics,262,67,S003,GadgetHub Inc.,500,11,10,100,2024-08-07
P037,Smartphone,Electronics,304,81,S002,ElectroWorld Distributors,300,11,8,100,2024-10-18
P369,Laptop,Electronics,342,93,S002,ElectroWorld Distributors,500,4,10,100,2025-01-25
P371,Laptop,Electronics,152,12,S003,GadgetHub Inc.,500,4,10,100,2024-05-12
P936,Tablet,Electronics,153,11,S001,GlobalTech Supplies,200,3,5,100,2024-03-04
P248,Tablet,Electronics,257,41,S002,ElectroWorld Distributors,200,13,5,100,2024-03-02
P291,Smartphone,Electronics,206,19,S003,GadgetHub Inc.,300,8,8,100,2024-10-21
P158,Laptop,Electronics,240,15,S002,ElectroWorld Distributors,500,12,10,100,2024-09-19
P366,Tablet,Electronics,237,52,S002,ElectroWorld Distributors,200,10,5,100,2024-12-20
P564,Smartphone,Electronics,429,50,S003,GadgetHub Inc.,300,11,8,100,2024-05-01
P733,Tablet,Electronics,297,69,S002,ElectroWorld Distributors,200,14,5,100,2024-10-22
P660,Smartphone,Electronics,69,50,S003,GadgetHub Inc.,300,7,8,100,2024-08-25
P602,Tablet,Electronics,457,56,S003,GadgetHub Inc.,200,11,5,100,2024-04-09
P481,Laptop,Electronics,494,27,S001,GlobalTech Supplies,500,7,10,100,2024-02-10
P469,Laptop,Electronics,315,68,S002,ElectroWorld Distributors,500,7,10,100,2025-01-26
P554,Smartphone,Electronics,112,12,S001,GlobalTech Supplies,300,6,8,100,2025-01-27
P256,Smartphone,Electronics,476,46,S002,ElectroWorld Distributors,300,4,8,100,2025-01-07
P008,Smartphone,Electronics,271,65,S002,ElectroWorld Distributors,300,13,8,100,2024-12-03
P711,Smartphone,Electronics,251,87,S002,ElectroWorld Distributors,300,12,8,100,2024-04-27
P893,Smartphone,Electronics,117,24,S002,ElectroWorld Distributors,300,3,8,100,2025-01-13
P796,Tablet,Electronics,306,82,S002,ElectroWorld Distributors,200,6,5,100,2024-12-27
P332,Smartphone,Electronics,495,65,S001,GlobalTech Supplies,300,10,8,100,2024-12-12
P104,Tablet,Electronics,76,33,S003,GadgetHub Inc.,200,3,5,100,2024-11-29
P450,Smartphone,Electronics,142,93,S001,GlobalTech Supplies,300,10,8,100,2024-12-09
P527,Smartphone,Electronics,111,98,S001,GlobalTech Supplies,300,4,8,100,2024-10-15
P384,Smartphone,Electronics,185,31,S002,ElectroWorld Distributors,300,10,8,100,2024-03-30
P289,Smartphone,Electronics,69,31,S001,GlobalTech Supplies,300,8,8,100,2024-05-09
P034,Tablet,Electronics,473,23,S001,GlobalTech Supplies,200,13,5,100,2024-06-05
P597,Laptop,Electronics,52,51,S002,ElectroWorld Distributors,500,11,10,100,2025-01-30
P020,Tablet,Electronics,123,22,S001,GlobalTech Supplies,200,7,5,100,2024-09-09
P522,Smartphone,Electronics,492,45,S001,GlobalTech Supplies,300,10,8,100,2024-10-31
P287,Laptop,Electronics,431,76,S001,GlobalTech Supplies,500,8,10,100,2024-11-09
P091,Tablet,Electronics,228,34,S001,GlobalTech Supplies,200,12,5,100,2024-10-14
P122,Laptop,Electronics,490,20,S002,ElectroWorld Distributors,500,3,10,100,2024-10-15
P674,Smartphone,Electronics,392,64,S003,GadgetHub Inc.,300,7,8,100,2024-09-27
P543,Laptop,Electronics,342,84,S003,GadgetHub Inc.,500,10,10,100,2024-09-28
P190,Tablet,Electronics,65,88,S002,ElectroWorld Distributors,200,5,5,100,2024-09-30
P582,Laptop,Electronics,356,25,S003,GadgetHub Inc.,500,12,10,100,2024-09-25
P853,Laptop,Electronics,415,18,S003,GadgetHub Inc.,500,9,10,100,2024-06-19
P485,Laptop,Electronics,143,74,S002,ElectroWorld Distributors,500,14,10,100,2024-03-27
P125,Tablet,Electronics,139,25,S003,GadgetHub Inc.,200,4,5,100,2024-03-31
P912,Tablet,Electronics,106,39,S001,GlobalTech Supplies,200,11,5,100,2025-01-08
P654,Laptop,Electronics,338,63,S002,ElectroWorld Distributors,500,3,10,100,2024-10-31
P140,Tablet,Electronics,424,36,S002,ElectroWorld Distributors,200,14,5,100,2024-03-03
P836,Smartphone,Electronics,268,28,S003,GadgetHub Inc.,300,3,8,100,2024-11-05
P574,Laptop,Electronics,465,44,S003,GadgetHub Inc.,500,7,10,100,2024-04-14
P084,Laptop,Electronics,209,57,S001,GlobalTech Supplies,500,6,10,100,2024-06-15
P896,Smartphone,Electronics,317,91,S001,GlobalTech Supplies,300,7,8,100,2024-07-31
P623,Tablet,Electronics,270,15,S001,GlobalTech Supplies,200,5,5,100,2024-12-25
P359,Smartphone,Electronics,209,39,S001,GlobalTech Supplies,300,8,8,100,2024-04-20
P056,Laptop,Electronics,98,35,S002,ElectroWorld Distributors,500,3,10,100,2024-07-19
P745,Tablet,Electronics,145,99,S002,ElectroWorld Distributors,200,9,5,100,2024-08-27
P521,Tablet,Electronics,191,60,S003,GadgetHub Inc.,200,12,5,100,2024-02-22
P952,Laptop,Electronics,418,16,S002,ElectroWorld Distributors,500,13,10,100,2024-08-27
P924,Laptop,Electronics,342,34,S002,ElectroWorld Distributors,500,10,10,100,2025-01-07
P852,Smartphone,Electronics,271,95,S001,GlobalTech Supplies,300,9,8,100,2024-05-26
P909,Smartphone,Electronics,349,83,S001,GlobalTech Supplies,300,6,8,100,2024-08-12
P519,Laptop,Electronics,215,68,S002,ElectroWorld Distributors,500,13,10,100,2024-03-16
P246,Laptop,Electronics,146,80,S003,GadgetHub Inc.,500,3,10,100,2024-06-04
P528,Laptop,Electronics,55,39,S003,GadgetHub Inc.,500,8,10,100,2025-01-11
P611,Laptop,Electronics,128,10,S003,GadgetHub Inc.,500,13,10,100,2024-11-21
P189,Tablet,Electronics,484,97,S003,GadgetHub Inc.,200,6,5,100,2024-12-18
P075,Tablet,Electronics,198,79,S002,ElectroWorld Distributors,200,12,5,100,2025-01-19
P048,Tablet,Electronics,500,74,S001,GlobalTech Supplies,200,5,5,100,2024-07-06
P549,Tablet,Electronics,58,92,S003,GadgetHub Inc.,200,8,5,100,2024-02-07
P444,Smartphone,Electronics,499,27,S002,ElectroWorld Distributors,300,7,8,100,2024-07-11
P947,Smartphone,Electronics,490,10,S002,ElectroWorld Distributors,300,11,8,100,2024-06-16
P710,Smartphone,Electronics,314,76,S001,GlobalTech Supplies,300,9,8,100,2024-08-26
P848,Smartphone,Electronics,117,61,S003,GadgetHub Inc.,300,3,8,100,2024-12-03
P102,Smartphone,Electronics,177,46,S001,GlobalTech Supplies,300,6,8,100,2024-06-29
P025,Laptop,Electronics,179,23,S003,GadgetHub Inc.,500,14,10,100,2025-01-23
P742,Laptop,Electronics,370,56,S003,GadgetHub Inc.,500,14,10,100,2025-01-09
P670,Smartphone,Electronics,314,19,S003,GadgetHub Inc.,300,11,8,100,2024-12-12
P472,Smartphone,Electronics,152,62,S002,ElectroWorld Distributors,300,11,8,100,2024-11-10
P227,Laptop,Electronics,196,60,S003,GadgetHub Inc.,500,9,10,100,2024-08-25
P897,Laptop,Electronics,177,96,S003,GadgetHub Inc.,500,11,10,100,2024-04-24
P468,Laptop,Electronics,218,45,S003,GadgetHub Inc.,500,5,10,100,2024-06-03
P498,Tablet,Electronics,60,31,S001,GlobalTech Supplies,200,11,5,100,2024-11-26
P927,Smartphone,Electronics,223,37,S003,GadgetHub Inc.,300,13,8,100,2024-12-26
P817,Tablet,Electronics,416,29,S001,GlobalTech Supplies,200,13,5,100,2024-02-27
P941,Smartphone,Electronics,418,21,S001,GlobalTech Supplies,300,6,8,100,2024-08-15
P159,Tablet,Electronics,248,32,S001,GlobalTech Supplies,200,10,5,100,2024-11-11
P790,Tablet,Electronics,169,27,S002,ElectroWorld Distributors,200,4,5,100,2024-07-31
P483,Laptop,Electronics,348,92,S003,GadgetHub Inc.,500,13,10,100,2024-07-11
P413,Tablet,Electronics,448,59,S002,ElectroWorld Distributors,200,5,5,100,2024-08-15
P738,Laptop,Electronics,436,28,S002,ElectroWorld Distributors,500,7,10,100,2025-01-06
P146,Smartphone,Electronics,190,67,S001,GlobalTech Supplies,300,3,8,100,2024-12-24
P402,Smartphone,Electronics,286,20,S001,GlobalTech Supplies,300,12,8,100,2025-01-18
P699,Laptop,Electronics,97,88,S001,GlobalTech Supplies,500,12,10,100,2024-03-24
P775,Tablet,Electronics,250,62,S003,GadgetHub Inc.,200,13,5,100,2025-01-02
P557,Smartphone,Electronics,342,43,S003,GadgetHub Inc.,300,11,8,100,2024-10-16
P633,Laptop,Electronics,483,21,S001,GlobalTech Supplies,500,13,10,100,2025-01-25
P361,Tablet,Electronics,347,57,S001,GlobalTech Supplies,200,4,5,100,2024-02-29
P704,Laptop,Electronics,159,25,S003,GadgetHub Inc.,500,12,10,100,2024-09-13
P734,Laptop,Electronics,142,30,S003,GadgetHub Inc.,500,3,10,100,2024-03-22
P964,Laptop,Electronics,327,49,S001,GlobalTech Supplies,500,11,10,100,2024-10-27
P998,Smartphone,Electronics,436,97,S002,ElectroWorld Distributors,300,12,8,100,2024-02-16
P410,Tablet,Electronics,462,42,S002,ElectroWorld Distributors,200,11,5,100,2024-10-29
P722,Smartphone,Electronics,219,100,S003,GadgetHub Inc.,300,6,8,100,2024-12-28
P877,Tablet,Electronics,66,38,S001,GlobalTech Supplies,200,8,5,100,2024-03-11
P818,Tablet,Electronics,127,64,S003,GadgetHub Inc.,200,4,5,100,2024-03-15
P550,Tablet,Electronics,82,86,S003,GadgetHub Inc.,200,14,5,100,2024-02-19
P017,Smartphone,Electronics,226,21,S003,GadgetHub Inc.,300,13,8,100,2024-04-24
P605,Tablet,Electronics,167,32,S003,GadgetHub Inc.,200,3,5,100,2024-11-29
P723,Tablet,Electronics,238,36,S003,GadgetHub Inc.,200,11,5,100,2024-10-17
P337,Laptop,Electronics,355,80,S003,GadgetHub Inc.,500,4,10,100,2024-04-04
P763,Smartphone,Electronics,301,41,S002,ElectroWorld Distributors,300,13,8,100,2024-11-30
P548,Laptop,Electronics,370,91,S003,GadgetHub Inc.,500,10,10,100,2024-03-17
P425,Tablet,Electronics,309,70,S002,ElectroWorld Distributors,200,11,5,100,2024-04-20
P155,Tablet,Electronics,202,43,S001,GlobalTech Supplies,200,8,5,100,2024-02-19
P355,Tablet,Electronics,132,24,S001,GlobalTech Supplies,200,4,5,100,2024-03-14
P999,Laptop,Electronics,58,54,S001,GlobalTech Supplies,500,6,10,100,2025-01-03
P508,Laptop,Electronics,385,100,S003,GadgetHub Inc.,500,13,10,100,2024-07-20
P294,Smartphone,Electronics,71,95,S001,GlobalTech Supplies,300,14,8,100,2024-06-28
P579,Laptop,Electronics,132,16,S002,ElectroWorld Distributors,500,11,10,100,2024-04-18
P966,Tablet,Electronics,142,92,S003,GadgetHub Inc.,200,11,5,100,2024-02-24
P070,Tablet,Electronics,365,58,S003,GadgetHub Inc.,200,6,5,100,2024-07-31
P940,Tablet,Electronics,144,48,S003,GadgetHub Inc.,200,13,5,100,2024-08-03
P634,Laptop,Electronics,441,31,S003,GadgetHub Inc.,500,7,10,100,2024-11-11
P819,Laptop,Electronics,54,87,S001,GlobalTech Supplies,500,3,10,100,2024-05-10
P057,Smartphone,Electronics,228,28,S003,GadgetHub Inc.,300,14,8,100,2024-10-04
P267,Laptop,Electronics,377,27,S002,ElectroWorld Distributors,500,3,10,100,2024-04-27
P099,Tablet,Electronics,301,19,S002,ElectroWorld Distributors,200,3,5,100,2024-06-22
P072,Laptop,Electronics,123,24,S001,GlobalTech Supplies,500,9,10,100,2024-11-01
P603,Tablet,Electronics,83,21,S003,GadgetHub Inc.,200,10,5,100,2024-03-13
P217,Smartphone,Electronics,292,87,S003,GadgetHub Inc.,300,13,8,100,2024-03-22
P544,Tablet,Electronics,336,35,S003,GadgetHub Inc.,200,11,5,100,2024-06-28
P199,Smartphone,Electronics,186,72,S001,GlobalTech Supplies,300,13,8,100,2024-09-12
P797,Smartphone,Electronics,433,85,S001,GlobalTech Supplies,300,4,8,100,2024-10-01
P401,Tablet,Electronics,399,59,S003,GadgetHub Inc.,200,4,5,100,2024-12-18
P514,Laptop,Electronics,67,61,S001,GlobalTech Supplies,500,4,10,100,2025-01-06
P251,Tablet,Electronics,329,45,S003,GadgetHub Inc.,200,10,5,100,2024-05-05
P551,Laptop,Electronics,71,71,S001,GlobalTech Supplies,500,13,10,100,2024-11-22
P489,Tablet,Electronics,144,65,S002,ElectroWorld Distributors,200,8,5,100,2024-11-25
P105,Smartphone,Electronics,372,40,S003,GadgetHub Inc.,300,13,8,100,2024-05-10
P266,Laptop,Electronics,390,100,S002,ElectroWorld Distributors,500,9,10,100,2024-07-14
P719,Laptop,Electronics,174,100,S003,GadgetHub Inc.,500,8,10,100,2024-02-17
P013,Smartphone,Electronics,105,94,S003,GadgetHub Inc.,300,13,8,100,2024-08-07
P268,Tablet,Electronics,486,24,S003,GadgetHub Inc.,200,7,5,100,2024-08-24
P311,Smartphone,Electronics,428,53,S003,GadgetHub Inc.,300,14,8,100,2024-05-22
P920,Tablet,Electronics,87,19,S002,ElectroWorld Distributors,200,12,5,100,2024-07-18
P160,Smartphone,Electronics,253,69,S003,GadgetHub Inc.,300,9,8,100,2024-03-25
P813,Smartphone,Electronics,156,43,S002,ElectroWorld Distributors,300,9,8,100,2024-11-10
P671,Laptop,Electronics,230,89,S001,GlobalTech Supplies,500,9,10,100,2024-07-06
P655,Laptop,Electronics,461,13,S003,GadgetHub Inc.,500,3,10,100,2024-11-25
P760,Laptop,Electronics,188,72,S001,GlobalTech Supplies,500,10,10,100,2024-04-23
P021,Smartphone,Electronics,423,87,S003,GadgetHub Inc.,300,11,8,100,2024-10-08
P004,Tablet,Electronics,348,19,S003,GadgetHub Inc.,200,3,5,100,2024-09-30
P197,Tablet,Electronics,62,82,S001,GlobalTech Supplies,200,11,5,100,2024-08-05
P630,Smartphone,Electronics,437,86,S001,GlobalTech Supplies,300,4,8,100,2024-10-28
P666,Tablet,Electronics,137,28,S002,ElectroWorld Distributors,200,5,5,100,2024-05-16
P387,Tablet,Electronics,401,92,S003,GadgetHub Inc.,200,14,5,100,2024-07-31
P052,Tablet,Electronics,307,91,S001,GlobalTech Supplies,200,7,5,100,2024-09-09
P466,Smartphone,Electronics,258,79,S001,GlobalTech Supplies,300,8,8,100,2024-03-14
P802,Laptop,Electronics,331,35,S003,GadgetHub Inc.,500,9,10,100,2024-11-02
P576,Tablet,Electronics,192,91,S001,GlobalTech Supplies,200,4,5,100,2024-05-07
P352,Smartphone,Electronics,218,36,S003,GadgetHub Inc.,300,14,8,100,2024-12-05
P177,Smartphone,Electronics,288,92,S001,GlobalTech Supplies,300,4,8,100,2024-10-30
P374,Tablet,Electronics,297,27,S003,GadgetHub Inc.,200,6,5,100,2024-08-19
P307,Tablet,Electronics,301,61,S001,GlobalTech Supplies,200,14,5,100,2024-07-28
P326,Tablet,Electronics,482,23,S002,ElectroWorld Distributors,200,13,5,100,2025-01-09
P331,Smartphone,Electronics,451,78,S003,GadgetHub Inc.,300,9,8,100,2024-11-24
P416,Laptop,Electronics,119,97,S003,GadgetHub Inc.,500,3,10,100,2024-09-15
P903,Smartphone,Electronics,98,85,S003,GadgetHub Inc.,300,12,8,100,2024-11-29
P403,Tablet,Electronics,441,39,S003,GadgetHub Inc.,200,7,5,100,2024-06-10
P504,Tablet,Electronics,451,41,S001,GlobalTech Supplies,200,10,5,100,2024-10-01
P849,Laptop,Electronics,103,10,S003,GadgetHub Inc.,500,12,10,100,2024-09-29
P094,Smartphone,Electronics,239,94,S002,ElectroWorld Distributors,300,6,8,100,2025-01-19
P862,Laptop,Electronics,64,77,S001,GlobalTech Supplies,500,6,10,100,2024-05-17
P843,Tablet,Electronics,116,21,S001,GlobalTech Supplies,200,11,5,100,2024-04-07
P343,Laptop,Electronics,137,31,S003,GadgetHub Inc.,500,13,10,100,2024-10-30
P795,Smartphone,Electronics,203,83,S001,GlobalTech Supplies,300,12,8,100,2025-01-01
P009,Tablet,Electronics,194,59,S002,ElectroWorld Distributors,200,12,5,100,2025-01-16
P417,Tablet,Electronics,276,54,S003,GadgetHub Inc.,200,4,5,100,2024-05-21
P129,Tablet,Electronics,448,56,S001,GlobalTech Supplies,200,13,5,100,2024-12-03
P207,Smartphone,Electronics,475,49,S001,GlobalTech Supplies,300,14,8,100,2024-08-11
P345,Tablet,Electronics,125,62,S003,GadgetHub Inc.,200,12,5,100,2024-03-12
P865,Smartphone,Electronics,116,65,S001,GlobalTech Supplies,300,7,8,100,2024-02-25
P604,Tablet,Electronics,101,80,S001,GlobalTech Supplies,200,11,5,100,2024-12-20
P192,Tablet,Electronics,84,50,S003,GadgetHub Inc.,200,9,5,100,2024-08-20
P538,Tablet,Electronics,323,71,S003,GadgetHub Inc.,200,14,5,100,2024-05-02
P680,Tablet,Electronics,301,32,S002,ElectroWorld Distributors,200,10,5,100,2024-11-15
P397,Smartphone,Electronics,213,43,S002,ElectroWorld Distributors,300,4,8,100,2024-06-26
P935,Tablet,Electronics,192,34,S002,ElectroWorld Distributors,200,10,5,100,2024-03-03
P370,Laptop,Electronics,54,49,S001,GlobalTech Supplies,500,7,10,100,2025-01-07
P976,Tablet,Electronics,225,100,S002,ElectroWorld Distributors,200,11,5,100,2024-09-03
P625,Laptop,Electronics,276,49,S003,GadgetHub Inc.,500,10,10,100,2024-09-14
P618,Smartphone,Electronics,382,17,S003,GadgetHub Inc.,300,10,8,100,2024-09-25
P658,Tablet,Electronics,495,22,S002,ElectroWorld Distributors,200,14,5,100,2024-07-14
P178,Tablet,Electronics,207,87,S003,GadgetHub Inc.,200,8,5,100,2024-11-09
P569,Laptop,Electronics,99,84,S001,GlobalTech Supplies,500,5,10,100,2024-08-28
P354,Smartphone,Electronics,384,89,S003,GadgetHub Inc.,300,8,8,100,2024-04-18
P065,Smartphone,Electronics,338,93,S001,GlobalTech Supplies,300,4,8,100,2024-06-08
P832,Tablet,Electronics,79,65,S003,GadgetHub Inc.,200,8,5,100,2025-01-30
P613,Laptop,Electronics,100,58,S003,GadgetHub Inc.,500,8,10,100,2024-02-18
P128,Smartphone,Electronics,80,38,S003,GadgetHub Inc.,300,6,8,100,2024-02-27
P486,Smartphone,Electronics,316,31,S003,GadgetHub Inc.,300,5,8,100,2024-06-30
P270,Tablet,Electronics,195,51,S001,GlobalTech Supplies,200,12,5,100,2024-06-01
P746,Laptop,Electronics,90,65,S001,GlobalTech Supplies,500,13,10,100,2024-06-20
P560,Laptop,Electronics,340,96,S001,GlobalTech Supplies,500,7,10,100,2024-05-21
P442,Smartphone,Electronics,334,14,S003,GadgetHub Inc.,300,14,8,100,2024-06-10
P420,Laptop,Electronics,401,18,S003,GadgetHub Inc.,500,6,10,100,2024-05-07
P563,Smartphone,Electronics,484,43,S003,GadgetHub Inc.,300,3,8,100,2025-01-10
P989,Laptop,Electronics,356,14,S002,ElectroWorld Distributors,500,6,10,100,2024-03-08
P239,Smartphone,Electronics,215,94,S002,ElectroWorld Distributors,300,3,8,100,2024-10-19
P076,Tablet,Electronics,99,72,S003,GadgetHub Inc.,200,8,5,100,2024-05-11
P672,Laptop,Electronics,437,18,S003,GadgetHub Inc.,500,3,10,100,2024-09-24
P632,Tablet,Electronics,444,69,S002,ElectroWorld Distributors,200,8,5,100,2024-10-03
P006,Smartphone,Electronics,472,81,S001,GlobalTech Supplies,300,14,8,100,2025-01-31
P815,Laptop,Electronics,69,63,S003,GadgetHub Inc.,500,4,10,100,2024-12-14
P801,Smartphone,Electronics,417,18,S001,GlobalTech Supplies,300,9,8,100,2024-12-03
P506,Smartphone,Electronics,246,12,S002,ElectroWorld Distributors,300,5,8,100,2024-10-17
P662,Laptop,Electronics,139,81,S003,GadgetHub Inc.,500,5,10,100,2024-05-03
P684,Laptop,Electronics,183,65,S003,GadgetHub Inc.,500,6,10,100,2024-03-02
P987,Tablet,Electronics,300,51,S003,GadgetHub Inc.,200,9,5,100,2024-11-15
P712,Tablet,Electronics,355,23,S001,GlobalTech Supplies,200,11,5,100,2024-10-29
P902,Tablet,Electronics,326,19,S002,ElectroWorld Distributors,200,6,5,100,2024-11-24
P265,Laptop,Electronics,112,18,S002,ElectroWorld Distributors,500,4,10,100,2024-05-11
P014,Tablet,Electronics,286,54,S003,GadgetHub Inc.,200,11,5,100,2024-11-12
P279,Smartphone,Electronics,446,86,S002,ElectroWorld Distributors,300,5,8,100,2024-08-04
P811,Tablet,Electronics,78,60,S001,GlobalTech Supplies,200,8,5,100,2024-05-27
P309,Laptop,Electronics,75,78,S001,GlobalTech Supplies,500,12,10,100,2024-04-27
P661,Smartphone,Electronics,412,89,S001,GlobalTech Supplies,300,7,8,100,2024-10-01
P510,Smartphone,Electronics,427,66,S002,ElectroWorld Distributors,300,3,8,100,2024-09-19
P479,Tablet,Electronics,385,88,S002,ElectroWorld Distributors,200,8,5,100,2024-04-30
P578,Smartphone,Electronics,103,61,S003,GadgetHub Inc.,300,10,8,100,2024-06-28
P391,Tablet,Electronics,253,31,S001,GlobalTech Supplies,200,7,5,100,2025-01-22
P001,Laptop,Electronics,280,13,S003,GadgetHub Inc.,500,14,10,100,2024-09-19
P529,Tablet,Electronics,98,91,S002,ElectroWorld Distributors,200,10,5,100,2024-06-10
P512,Laptop,Electronics,469,75,S001,GlobalTech Supplies,500,6,10,100,2024-07-31
P214,Laptop,Electronics,330,39,S001,GlobalTech Supplies,500,11,10,100,2024-02-08
P918,Smartphone,Electronics,131,44,S001,GlobalTech Supplies,300,6,8,100,2024-10-10
P195,Smartphone,Electronics,307,34,S001,GlobalTech Supplies,300,10,8,100,2024-02-06
P115,Tablet,Electronics,317,29,S001,GlobalTech Supplies,200,7,5,100,2024-04-14
P228,Tablet,Electronics,204,19,S001,GlobalTech Supplies,200,7,5,100,2024-04-04
P161,Smartphone,Electronics,245,69,S003,GadgetHub Inc.,300,4,8,100,2025-01-20
P871,Smartphone,Electronics,491,50,S001,GlobalTech Supplies,300,14,8,100,2024-02-23
P959,Smartphone,Electronics,82,95,S003,GadgetHub Inc.,300,9,8,100,2024-05-27
P310,Tablet,Electronics,134,11,S003,GadgetHub Inc.,200,11,5,100,2024-06-19
P951,Smartphone,Electronics,345,48,S002,ElectroWorld Distributors,300,13,8,100,2024-04-14
P339,Tablet,Electronics,335,27,S003,GadgetHub Inc.,200,11,5,100,2024-09-30
P773,Smartphone,Electronics,459,72,S003,GadgetHub Inc.,300,8,8,100,2024-08-25
P771,Smartphone,Electronics,415,16,S003,GadgetHub Inc.,300,10,8,100,2024-02-06
P747,Tablet,Electronics,372,17,S002,ElectroWorld Distributors,200,3,5,100,2024-06-08
P547,Smartphone,Electronics,237,51,S003,GadgetHub Inc.,300,12,8,100,2024-12-20
P424,Laptop,Electronics,230,44,S001,GlobalTech Supplies,500,9,10,100,2024-11-11
P524,Laptop,Electronics,81,41,S001,GlobalTech Supplies,500,8,10,100,2024-04-05
P134,Smartphone,Electronics,305,59,S003,GadgetHub Inc.,300,12,8,100,2024-08-10
P470,Tablet,Electronics,254,60,S003,GadgetHub Inc.,200,4,5,100,2024-02-10
P799,Laptop,Electronics,105,66,S002,ElectroWorld Distributors,500,5,10,100,2024-10-28
P083,Tablet,Electronics,202,66,S003,GadgetHub Inc.,200,14,5,100,2024-07-29
P617,Tablet,Electronics,241,86,S002,ElectroWorld Distributors,200,3,5,100,2024-12-04
P647,Smartphone,Electronics,403,66,S001,GlobalTech Supplies,300,7,8,100,2025-01-03
P794,Laptop,Electronics,474,69,S001,GlobalTech Supplies,500,11,10,100,2024-03-12
P436,Tablet,Electronics,336,88,S002,ElectroWorld Distributors,200,9,5,100,2025-01-04
P837,Laptop,Electronics,450,88,S001,GlobalTech Supplies,500,5,10,100,2024-04-14
P888,Smartphone,Electronics,64,48,S001,GlobalTech Supplies,300,11,8,100,2024-11-17
P123,Smartphone,Electronics,276,51,S002,ElectroWorld Distributors,300,13,8,100,2024-11-24
P376,Tablet,Electronics,284,81,S001,GlobalTech Supplies,200,4,5,100,2024-09-06
P298,Laptop,Electronics,58,87,S003,GadgetHub Inc.,500,14,10,100,2025-01-02
P573,Smartphone,Electronics,261,49,S001,GlobalTech Supplies,300,12,8,100,2024-11-29
P003,Smartphone,Electronics,332,69,S002,ElectroWorld Distributors,300,12,8,100,2024-10-21
P497,Laptop,Electronics,174,80,S001,GlobalTech Supplies,500,4,10,100,2024-06-04
P555,Laptop,Electronics,288,92,S002,ElectroWorld Distributors,500,5,10,100,2024-11-25
P210,Laptop,Electronics,410,17,S003,GadgetHub Inc.,500,8,10,100,2024-03-25
P692,Laptop,Electronics,464,81,S001,GlobalTech Supplies,500,6,10,100,2024-11-07
P130,Tablet,Electronics,250,43,S003,GadgetHub Inc.,200,13,5,100,2024-05-07
P364,Tablet,Electronics,255,37,S002,ElectroWorld Distributors,200,9,5,100,2024-06-28
P585,Smartphone,Electronics,311,82,S002,ElectroWorld Distributors,300,12,8,100,2024-03-09
P830,Smartphone,Electronics,275,15,S002,ElectroWorld Distributors,300,6,8,100,2024-07-05
P694,Tablet,Electronics,267,64,S002,ElectroWorld Distributors,200,4,5,100,2024-02-14
P696,Laptop,Electronics,345,10,S001,GlobalTech Supplies,500,6,10,100,2024-09-06
P024,Smartphone,Electronics,69,22,S001,GlobalTech Supplies,300,11,8,100,2024-07-04
P984,Smartphone,Electronics,76,99,S001,GlobalTech Supplies,300,9,8,100,2024-07-09
P991,Tablet,Electronics,146,68,S002,ElectroWorld Distributors,200,12,5,100,2024-09-11
P349,Laptop,Electronics,461,69,S003,GadgetHub Inc.,500,7,10,100,2024-08-02
P459,Tablet,Electronics,102,30,S003,GadgetHub Inc.,200,4,5,100,2024-07-20
P480,Smartphone,Electronics,139,90,S002,ElectroWorld Distributors,300,11,8,100,2024-02-16
P360,Smartphone,Electronics,341,75,S003,GadgetHub Inc.,300,9,8,100,2024-07-14
P454,Tablet,Electronics,51,93,S001,GlobalTech Supplies,200,14,5,100,2024-03-25
P565,Tablet,Electronics,495,17,S001,GlobalTech Supplies,200,13,5,100,2024-12-20
P368,Laptop,Electronics,82,45,S001,GlobalTech Supplies,500,10,10,100,2024-04-03
P571,Smartphone,Electronics,279,41,S003,GadgetHub Inc.,300,10,8,100,2024-10-31
P423,Laptop,Electronics,312,58,S001,GlobalTech Supplies,500,3,10,100,2024-08-21
P346,Smartphone,Electronics,249,49,S001,GlobalTech Supplies,300,14,8,100,2024-06-15
P063,Laptop,Electronics,497,31,S002,ElectroWorld Distributors,500,3,10,100,2024-08-14
P318,Smartphone,Electronics,247,71,S003,GadgetHub Inc.,300,6,8,100,2024-05-01
P035,Tablet,Electronics,404,73,S002,ElectroWorld Distributors,200,7,5,100,2024-08-17
P664,Laptop,Electronics,357,33,S002,ElectroWorld Distributors,500,13,10,100,2024-05-17
P066,Tablet,Electronics,75,55,S003,GadgetHub Inc.,200,6,5,100,2024-10-20
P721,Laptop,Electronics,115,93,S001,GlobalTech Supplies,500,4,10,100,2024-02-18
P152,Smartphone,Electronics,204,74,S001,GlobalTech Supplies,300,9,8,100,2024-08-26
P851,Tablet,Electronics,243,35,S002,ElectroWorld Distributors,200,8,5,100,2024-06-08
P285,Laptop,Electronics,189,73,S002,ElectroWorld Distributors,500,9,10,100,2024-07-22
P077,Smartphone,Electronics,210,71,S003,GadgetHub Inc.,300,3,8,100,2024-11-06
P015,Tablet,Electronics,403,48,S003,GadgetHub Inc.,200,10,5,100,2024-04-27
P111,Laptop,Electronics,475,27,S003,GadgetHub Inc.,500,13,10,100,2024-03-23
P043,Smartphone,Electronics,432,24,S001,GlobalTech Supplies,300,7,8,100,2024-02-21
P656,Smartphone,Electronics,184,20,S003,GadgetHub Inc.,300,9,8,100,2024-05-28
P183,Laptop,Electronics,423,16,S002,ElectroWorld Distributors,500,9,10,100,2024-06-16
P252,Tablet,Electronics,131,45,S002,ElectroWorld Distributors,200,12,5,100,2024-02-19
P232,Tablet,Electronics,292,18,S003,GadgetHub Inc.,200,11,5,100,2024-07-23
P981,Tablet,Electronics,196,54,S001,GlobalTech Supplies,200,12,5,100,2024-10-14
P132,Laptop,Electronics,473,92,S001,GlobalTech Supplies,500,11,10,100,2024-06-22
P783,Smartphone,Electronics,370,45,S001,GlobalTech Supplies,300,10,8,100,2024-08-08
P398,Tablet,Electronics,144,66,S003,GadgetHub Inc.,200,8,5,100,2024-08-15
P357,Smartphone,Electronics,460,37,S003,GadgetHub Inc.,300,9,8,100,2024-06-28
P166,Laptop,Electronics,186,28,S001,GlobalTech Supplies,500,9,10,100,2024-09-05
P389,Tablet,Electronics,368,25,S001,GlobalTech Supplies,200,3,5,100,2024-08-14
P523,Laptop,Electronics,125,81,S003,GadgetHub Inc.,500,3,10,100,2024-10-23
P165,Tablet,Electronics,307,56,S002,ElectroWorld Distributors,200,8,5,100,2024-04-10
P039,Smartphone,Electronics,275,96,S001,GlobalTech Supplies,300,14,8,100,2024-10-07
P109,Smartphone,Electronics,167,73,S003,GadgetHub Inc.,300,6,8,100,2024-09-20
P776,Laptop,Electronics,231,100,S003,GadgetHub Inc.,500,7,10,100,2024-12-21
P181,Smartphone,Electronics,344,71,S002,ElectroWorld Distributors,300,6,8,100,2024-06-11
P858,Laptop,Electronics,246,25,S003,GadgetHub Inc.,500,10,10,100,2024-05-23
P322,Smartphone,Electronics,318,37,S003,GadgetHub Inc.,300,13,8,100,2024-08-21
P898,Tablet,Electronics,352,77,S001,GlobalTech Supplies,200,4,5,100,2024-10-15
P131,Smartphone,Electronics,473,57,S001,GlobalTech Supplies,300,4,8,100,2024-05-25
P435,Tablet,Electronics,176,72,S002,ElectroWorld Distributors,200,3,5,100,2024-05-28
P219,Tablet,Electronics,412,40,S001,GlobalTech Supplies,200,5,5,100,2024-12-03
P400,Laptop,Electronics,325,97,S002,ElectroWorld Distributors,500,3,10,100,2024-12-04
P452,Tablet,Electronics,259,65,S003,GadgetHub Inc.,200,5,5,100,2024-09-24
P828,Laptop,Electronics,155,47,S003,GadgetHub Inc.,500,4,10,100,2024-03-22
P333,Smartphone,Electronics,78,53,S002,ElectroWorld Distributors,300,3,8,100,2024-02-01
P453,Smartphone,Electronics,247,68,S003,GadgetHub Inc.,300,9,8,100,2024-10-18
P622,Laptop,Electronics,488,70,S003,GadgetHub Inc.,500,8,10,100,2024-10-19
P689,Tablet,Electronics,132,95,S003,GadgetHub Inc.,200,4,5,100,2024-04-10
P883,Tablet,Electronics,236,51,S003,GadgetHub Inc.,200,4,5,100,2024-02-27
P144,Tablet,Electronics,219,53,S002,ElectroWorld Distributors,200,13,5,100,2024-11-02
P891,Smartphone,Electronics,168,26,S002,ElectroWorld Distributors,300,7,8,100,2024-07-11
P583,Laptop,Electronics,379,21,S002,ElectroWorld Distributors,500,10,10,100,2024-02-19
P820,Tablet,Electronics,345,82,S003,GadgetHub Inc.,200,4,5,100,2024-08-10
P493,Laptop,Electronics,197,67,S002,ElectroWorld Distributors,500,10,10,100,2024-09-20
P447,Smartphone,Electronics,103,43,S002,ElectroWorld Distributors,300,9,8,100,2024-06-07
P027,Laptop,Electronics,238,62,S001,GlobalTech Supplies,500,14,10,100,2024-02-17
P683,Smartphone,Electronics,240,46,S002,ElectroWorld Distributors,300,3,8,100,2024-12-09
P074,Tablet,Electronics,77,74,S002,ElectroWorld Distributors,200,10,5,100,2024-03-07
P440,Laptop,Electronics,252,85,S003,GadgetHub Inc.,500,12,10,100,2025-01-23
P594,Smartphone,Electronics,255,93,S003,GadgetHub Inc.,300,14,8,100,2024-11-20
P390,Laptop,Electronics,386,95,S002,ElectroWorld Distributors,500,12,10,100,2024-12-04
P428,Smartphone,Electronics,243,84,S003,GadgetHub Inc.,300,11,8,100,2024-04-15
P967,Tablet,Electronics,83,46,S003,GadgetHub Inc.,200,7,5,100,2024-02-23
P532,Smartphone,Electronics,83,44,S001,GlobalTech Supplies,300,9,8,100,2025-01-26
P275,Laptop,Electronics,242,55,S001,GlobalTech Supplies,500,9,10,100,2024-06-18
P867,Tablet,Electronics,437,69,S001,GlobalTech Supplies,200,13,5,100,2024-08-28
P762,Laptop,Electronics,437,39,S002,ElectroWorld Distributors,500,11,10,100,2024-10-01
P150,Laptop,Electronics,407,24,S003,GadgetHub Inc.,500,4,10,100,2024-07-22
P002,Smartphone,Electronics,426,95,S001,GlobalTech Supplies,300,3,8,100,2024-08-23
P788,Laptop,Electronics,493,26,S001,GlobalTech Supplies,500,12,10,100,2024-12-26
P288,Smartphone,Electronics,395,44,S001,GlobalTech Supplies,300,10,8,100,2024-10-26
P116,Laptop,Electronics,253,36,S002,ElectroWorld Distributors,500,10,10,100,2024-03-26
P016,Smartphone,Electronics,241,37,S001,GlobalTech Supplies,300,9,8,100,2024-11-05
P095,Smartphone,Electronics,452,13,S001,GlobalTech Supplies,300,8,8,100,2024-03-07
P810,Smartphone,Electronics,379,19,S003,GadgetHub Inc.,300,8,8,100,2025-01-19
P046,Laptop,Electronics,319,70,S003,GadgetHub Inc.,500,11,10,100,2024-07-23
P525,Tablet,Electronics,376,16,S002,ElectroWorld Distributors,200,11,5,100,2024-09-18
P206,Tablet,Electronics,209,14,S003,GadgetHub Inc.,200,12,5,100,2025-01-16
P463,Smartphone,Electronics,430,95,S003,GadgetHub Inc.,300,12,8,100,2024-06-04
P800,Tablet,Electronics,122,41,S002,ElectroWorld Distributors,200,3,5,100,2024-11-18
P211,Smartphone,Electronics,300,79,S003,GadgetHub Inc.,300,12,8,100,2024-05-07
P473,Tablet,Electronics,255,17,S003,GadgetHub Inc.,200,8,5,100,2024-10-18
P889,Laptop,Electronics,58,13,S001,GlobalTech Supplies,500,13,10,100,2024-10-13
P831,Laptop,Electronics,375,39,S002,ElectroWorld Distributors,500,11,10,100,2025-01-31
P901,Tablet,Electronics,204,94,S002,ElectroWorld Distributors,200,5,5,100,2025-01-30
P098,Tablet,Electronics,252,92,S001,GlobalTech Supplies,200,14,5,100,2024-05-26
P441,Smartphone,Electronics,113,64,S002,ElectroWorld Distributors,300,14,8,100,2024-08-30
P681,Laptop,Electronics,234,86,S003,GadgetHub Inc.,500,11,10,100,2024-10-20
P421,Smartphone,Electronics,362,98,S001,GlobalTech Supplies,300,4,8,100,2024-09-26
P044,Laptop,Electronics,440,29,S001,GlobalTech Supplies,500,7,10,100,2024-04-27
P238,Smartphone,Electronics,451,32,S003,GadgetHub Inc.,300,4,8,100,2025-01-11
P635,Smartphone,Electronics,251,55,S003,GadgetHub Inc.,300,4,8,100,2024-09-27
P148,Laptop,Electronics,484,36,S003,GadgetHub Inc.,500,13,10,100,2024-07-30
P137,Tablet,Electronics,500,59,S001,GlobalTech Supplies,200,6,5,100,2024-10-04
P707,Laptop,Electronics,232,63,S003,GadgetHub Inc.,500,4,10,100,2024-10-12
P682,Smartphone,Electronics,290,49,S002,ElectroWorld Distributors,300,13,8,100,2025-01-07
P171,Laptop,Electronics,490,72,S003,GadgetHub Inc.,500,3,10,100,2024-06-03
P629,Smartphone,Electronics,267,13,S003,GadgetHub Inc.,300,6,8,100,2024-10-16
P350,Tablet,Electronics,283,70,S001,GlobalTech Supplies,200,11,5,100,2024-07-08
P580,Laptop,Electronics,253,14,S003,GadgetHub Inc.,500,4,10,100,2024-06-22
P032,Tablet,Electronics,207,96,S001,GlobalTech Supplies,200,7,5,100,2024-07-09
P768,Tablet,Electronics,452,67,S002,ElectroWorld Distributors,200,3,5,100,2024-06-18
P338,Smartphone,Electronics,196,41,S001,GlobalTech Supplies,300,11,8,100,2024-09-22
P619,Smartphone,Electronics,313,71,S001,GlobalTech Supplies,300,5,8,100,2024-11-07
P934,Laptop,Electronics,368,50,S001,GlobalTech Supplies,500,4,10,100,2024-04-19
P096,Smartphone,Electronics,402,65,S001,GlobalTech Supplies,300,11,8,100,2024-06-30
P925,Tablet,Electronics,416,96,S002,ElectroWorld Distributors,200,4,5,100,2025-01-20
P058,Smartphone,Electronics,92,86,S002,ElectroWorld Distributors,300,10,8,100,2024-08-04
P636,Tablet,Electronics,264,89,S001,GlobalTech Supplies,200,7,5,100,2024-11-21
P838,Laptop,Electronics,457,94,S001,GlobalTech Supplies,500,11,10,100,2024-08-23
P121,Smartphone,Electronics,59,98,S002,ElectroWorld Distributors,300,5,8,100,2024-03-06
P351,Laptop,Electronics,58,44,S003,GadgetHub Inc.,500,3,10,100,2024-04-15
P764,Laptop,Electronics,66,24,S001,GlobalTech Supplies,500,11,10,100,2024-08-17
P700,Smartphone,Electronics,303,44,S001,GlobalTech Supplies,300,10,8,100,2024-12-27
P759,Tablet,Electronics,321,61,S003,GadgetHub Inc.,200,3,5,100,2024-04-03
P822,Tablet,Electronics,93,89,S001,GlobalTech Supplies,200,7,5,100,2024-11-12
P344,Smartphone,Electronics,204,81,S001,GlobalTech Supplies,300,14,8,100,2024-03-20
P356,Laptop,Electronics,146,94,S001,GlobalTech Supplies,500,4,10,100,2024-12-14
P438,Tablet,Electronics,397,61,S003,GadgetHub Inc.,200,8,5,100,2024-12-07
P990,Smartphone,Electronics,107,29,S003,GadgetHub Inc.,300,5,8,100,2024-08-17
P653,Smartphone,Electronics,102,55,S002,ElectroWorld Distributors,300,9,8,100,2025-01-27
P432,Smartphone,Electronics,357,11,S003,GadgetHub Inc.,300,8,8,100,2024-11-13
P062,Tablet,Electronics,464,39,S003,GadgetHub Inc.,200,7,5,100,2024-06-18
P761,Laptop,Electronics,425,58,S003,GadgetHub Inc.,500,9,10,100,2024-09-07
P807,Tablet,Electronics,443,95,S003,GadgetHub Inc.,200,6,5,100,2024-05-08
P226,Smartphone,Electronics,338,35,S002,ElectroWorld Distributors,300,3,8,100,2024-06-30
P753,Tablet,Electronics,213,62,S003,GadgetHub Inc.,200,13,5,100,2024-06-14
P592,Tablet,Electronics,143,31,S001,GlobalTech Supplies,200,3,5,100,2024-10-13
P304,Smartphone,Electronics,78,88,S002,ElectroWorld Distributors,300,3,8,100,2024-11-22
P628,Tablet,Electronics,475,25,S003,GadgetHub Inc.,200,11,5,100,2024-07-07
P234,Laptop,Electronics,393,32,S003,GadgetHub Inc.,500,9,10,100,2024-10-28
P379,Tablet,Electronics,497,67,S001,GlobalTech Supplies,200,6,5,100,2024-12-01
P503,Laptop,Electronics,52,97,S001,GlobalTech Supplies,500,14,10,100,2025-01-27
P000,Tablet,Electronics,341,98,S001,GlobalTech Supplies,200,12,5,100,2024-06-21
P693,Laptop,Electronics,275,22,S001,GlobalTech Supplies,500,5,10,100,2024-04-18
P612,Smartphone,Electronics,219,37,S002,ElectroWorld Distributors,300,8,8,100,2024-10-08
P408,Smartphone,Electronics,453,25,S003,GadgetHub Inc.,300,6,8,100,2024-05-30
P405,Smartphone,Electronics,304,15,S001,GlobalTech Supplies,300,3,8,100,2024-10-13
P982,Tablet,Electronics,499,84,S001,GlobalTech Supplies,200,14,5,100,2025-01-16
P110,Smartphone,Electronics,250,10,S001,GlobalTech Supplies,300,5,8,100,2024-04-20
P168,Smartphone,Electronics,85,98,S001,GlobalTech Supplies,300,11,8,100,2024-08-31
P045,Tablet,Electronics,390,51,S002,ElectroWorld Distributors,200,10,5,100,2024-07-21
P353,Laptop,Electronics,88,63,S002,ElectroWorld Distributors,500,12,10,100,2024-06-24
P253,Laptop,Electronics,321,56,S002,ElectroWorld Distributors,500,10,10,100,2024-04-13
P994,Laptop,Electronics,104,95,S003,GadgetHub Inc.,500,6,10,100,2024-04-24
P870,Tablet,Electronics,229,76,S002,ElectroWorld Distributors,200,8,5,100,2025-01-31
P341,Smartphone,Electronics,51,46,S002,ElectroWorld Distributors,300,11,8,100,2024-12-07
P757,Tablet,Electronics,350,31,S001,GlobalTech Supplies,200,11,5,100,2024-10-02
P769,Laptop,Electronics,242,95,S001,GlobalTech Supplies,500,9,10,100,2024-03-16
P030,Laptop,Electronics,101,41,S001,GlobalTech Supplies,500,6,10,100,2024-10-01
P005,Smartphone,Electronics,485,53,S002,ElectroWorld Distributors,300,9,8,100,2024-10-18
P276,Smartphone,Electronics,153,68,S002,ElectroWorld Distributors,300,5,8,100,2024-02-15
P755,Tablet,Electronics,246,37,S001,GlobalTech Supplies,200,14,5,100,2024-08-05
P737,Laptop,Electronics,307,71,S003,GadgetHub Inc.,500,6,10,100,2024-03-19
P141,Smartphone,Electronics,135,26,S002,ElectroWorld Distributors,300,7,8,100,2024-02-06
P895,Tablet,Electronics,119,94,S003,GadgetHub Inc.,200,9,5,100,2024-06-06
P744,Laptop,Electronics,88,28,S002,ElectroWorld Distributors,500,9,10,100,2024-04-19
P329,Tablet,Electronics,271,69,S003,GadgetHub Inc.,200,13,5,100,2024-10-26
P031,Tablet,Electronics,354,26,S002,ElectroWorld Distributors,200,9,5,100,2024-11-06
P676,Laptop,Electronics,308,12,S002,ElectroWorld Distributors,500,3,10,100,2024-11-12
P663,Smartphone,Electronics,159,79,S002,ElectroWorld Distributors,300,14,8,100,2024-10-05
P962,Smartphone,Electronics,60,83,S001,GlobalTech Supplies,300,13,8,100,2024-07-19
P194,Laptop,Electronics,335,56,S001,GlobalTech Supplies,500,11,10,100,2024-09-22
P051,Tablet,Electronics,198,10,S002,ElectroWorld Distributors,200,6,5,100,2024-02-21
P942,Smartphone,Electronics,317,68,S001,GlobalTech Supplies,300,13,8,100,2025-01-24
P427,Laptop,Electronics,170,71,S002,ElectroWorld Distributors,500,5,10,100,2024-09-10
P054,Laptop,Electronics,61,11,S003,GadgetHub Inc.,500,6,10,100,2024-06-15
P575,Laptop,Electronics,370,15,S001,GlobalTech Supplies,500,4,10,100,2024-12-12
P233,Smartphone,Electronics,379,92,S003,GadgetHub Inc.,300,11,8,100,2024-08-22
P325,Laptop,Electronics,54,58,S003,GadgetHub Inc.,500,13,10,100,2024-03-28
P319,Smartphone,Electronics,464,14,S002,ElectroWorld Distributors,300,11,8,100,2024-11-09
P741,Laptop,Electronics,117,48,S002,ElectroWorld Distributors,500,7,10,100,2024-10-21
P638,Tablet,Electronics,199,23,S001,GlobalTech Supplies,200,13,5,100,2024-09-29
P878,Laptop,Electronics,447,74,S001,GlobalTech Supplies,500,9,10,100,2024-03-13
P845,Smartphone,Electronics,277,59,S001,GlobalTech Supplies,300,8,8,100,2024-03-03
P844,Smartphone,Electronics,423,36,S001,GlobalTech Supplies,300,11,8,100,2025-01-23
P321,Tablet,Electronics,441,43,S003,GadgetHub Inc.,200,14,5,100,2024-08-07
P113,Laptop,Electronics,61,85,S003,GadgetHub Inc.,500,11,10,100,2024-07-23
P621,Tablet,Electronics,70,97,S002,ElectroWorld Distributors,200,14,5,100,2024-11-14
P729,Laptop,Electronics,477,45,S002,ElectroWorld Distributors,500,9,10,100,2024-07-10
P709,Smartphone,Electronics,295,80,S002,ElectroWorld Distributors,300,7,8,100,2024-09-04
P327,Smartphone,Electronics,483,32,S002,ElectroWorld Distributors,300,3,8,100,2024-04-22
P939,Tablet,Electronics,81,27,S002,ElectroWorld Distributors,200,8,5,100,2024-09-06
P071,Laptop,Electronics,216,83,S001,GlobalTech Supplies,500,12,10,100,2024-03-22
P736,Laptop,Electronics,208,66,S002,ElectroWorld Distributors,500,10,10,100,2024-03-19
P386,Tablet,Electronics,178,72,S003,GadgetHub Inc.,200,9,5,100,2024-11-20
P439,Smartphone,Electronics,100,12,S003,GadgetHub Inc.,300,9,8,100,2024-03-16
P126,Tablet,Electronics,206,73,S002,ElectroWorld Distributors,200,5,5,100,2024-10-03
P281,Tablet,Electronics,437,57,S002,ElectroWorld Distributors,200,6,5,100,2024-06-13
P090,Tablet,Electronics,471,73,S001,GlobalTech Supplies,200,9,5,100,2024-03-22
P188,Tablet,Electronics,138,94,S001,GlobalTech Supplies,200,12,5,100,2024-06-09
P484,Tablet,Electronics,475,55,S001,GlobalTech Supplies,200,12,5,100,2024-12-25
P220,Tablet,Electronics,416,50,S001,GlobalTech Supplies,200,7,5,100,2025-01-01
P278,Smartphone,Electronics,339,65,S002,ElectroWorld Distributors,300,9,8,100,2024-02-09
P383,Smartphone,Electronics,496,95,S002,ElectroWorld Distributors,300,10,8,100,2025-01-25
P988,Smartphone,Electronics,109,97,S002,ElectroWorld Distributors,300,11,8,100,2024-04-10
P791,Smartphone,Electronics,324,33,S001,GlobalTech Supplies,300,9,8,100,2024-08-12
P577,Tablet,Electronics,356,41,S003,GadgetHub Inc.,200,11,5,100,2024-04-19
P162,Smartphone,Electronics,250,90,S002,ElectroWorld Distributors,300,10,8,100,2025-01-24
P457,Tablet,Electronics,333,11,S001,GlobalTech Supplies,200,13,5,100,2024-05-23
P250,Tablet,Electronics,210,66,S003,GadgetHub Inc.,200,11,5,100,2024-07-01
P271,Smartphone,Electronics,408,16,S001,GlobalTech Supplies,300,5,8,100,2024-11-25
P434,Smartphone,Electronics,103,55,S001,GlobalTech Supplies,300,6,8,100,2024-09-10
P431,Tablet,Electronics,342,39,S002,ElectroWorld Distributors,200,9,5,100,2024-05-29
P474,Tablet,Electronics,325,90,S002,ElectroWorld Distributors,200,3,5,100,2024-10-15
P855,Laptop,Electronics,469,23,S001,GlobalTech Supplies,500,11,10,100,2024-03-23
P595,Tablet,Electronics,355,35,S002,ElectroWorld Distributors,200,10,5,100,2024-07-01
P215,Smartphone,Electronics,91,35,S002,ElectroWorld Distributors,300,14,8,100,2024-04-27
P244,Laptop,Electronics,202,22,S002,ElectroWorld Distributors,500,5,10,100,2024-02-20
P212,Laptop,Electronics,208,79,S001,GlobalTech Supplies,500,13,10,100,2024-12-27
P777,Tablet,Electronics,309,75,S001,GlobalTech Supplies,200,6,5,100,2024-07-20
P286,Smartphone,Electronics,189,31,S003,GadgetHub Inc.,300,12,8,100,2024-04-22
P824,Tablet,Electronics,369,98,S003,GadgetHub Inc.,200,8,5,100,2024-06-15
P395,Tablet,Electronics,99,32,S002,ElectroWorld Distributors,200,7,5,100,2024-02-28
P011,Smartphone,Electronics,115,84,S001,GlobalTech Supplies,300,9,8,100,2024-03-17
P050,Laptop,Electronics,147,89,S002,ElectroWorld Distributors,500,5,10,100,2024-06-21
P087,Laptop,Electronics,298,31,S003,GadgetHub Inc.,500,4,10,100,2024-09-21
P380,Smartphone,Electronics,392,32,S001,GlobalTech Supplies,300,14,8,100,2024-07-19
P798,Smartphone,Electronics,339,91,S001,GlobalTech Supplies,300,12,8,100,2024-05-06
P254,Laptop,Electronics,130,44,S003,GadgetHub Inc.,500,8,10,100,2024-10-04
P698,Laptop,Electronics,147,46,S003,GadgetHub Inc.,500,9,10,100,2024-03-21
P727,Smartphone,Electronics,286,72,S003,GadgetHub Inc.,300,11,8,100,2024-11-18
P196,Tablet,Electronics,98,91,S001,GlobalTech Supplies,200,9,5,100,2024-06-25
P907,Laptop,Electronics,190,15,S003,GadgetHub Inc.,500,7,10,100,2024-02-24
P308,Tablet,Electronics,268,87,S002,ElectroWorld Distributors,200,5,5,100,2025-01-02
P259,Tablet,Electronics,422,94,S003,GadgetHub Inc.,200,4,5,100,2024-03-11
P808,Tablet,Electronics,217,75,S002,ElectroWorld Distributors,200,13,5,100,2024-12-01
P464,Tablet,Electronics,311,52,S001,GlobalTech Supplies,200,3,5,100,2024-11-05
P589,Smartphone,Electronics,474,20,S001,GlobalTech Supplies,300,6,8,100,2024-02-16
P381,Smartphone,Electronics,236,82,S002,ElectroWorld Distributors,300,10,8,100,2024-02-08
P922,Laptop,Electronics,419,36,S002,ElectroWorld Distributors,500,4,10,100,2024-08-14
P876,Laptop,Electronics,116,73,S003,GadgetHub Inc.,500,4,10,100,2024-03-14
P362,Laptop,Electronics,170,83,S002,ElectroWorld Distributors,500,7,10,100,2024-06-05
P202,Smartphone,Electronics,444,61,S001,GlobalTech Supplies,300,12,8,100,2024-02-28
P176,Smartphone,Electronics,357,22,S002,ElectroWorld Distributors,300,10,8,100,2024-02-25
P461,Tablet,Electronics,309,33,S003,GadgetHub Inc.,200,11,5,100,2024-05-21
P156,Tablet,Electronics,257,98,S002,ElectroWorld Distributors,200,12,5,100,2024-09-10
P919,Laptop,Electronics,278,59,S003,GadgetHub Inc.,500,3,10,100,2024-02-12
P859,Smartphone,Electronics,175,20,S001,GlobalTech Supplies,300,13,8,100,2024-10-08
P996,Smartphone,Electronics,208,16,S003,GadgetHub Inc.,300,5,8,100,2024-07-03
P019,Tablet,Electronics,282,12,S001,GlobalTech Supplies,200,5,5,100,2024-05-15
P303,Laptop,Electronics,492,73,S002,ElectroWorld Distributors,500,11,10,100,2024-06-10
P093,Tablet,Electronics,440,87,S001,GlobalTech Supplies,200,6,5,100,2024-10-18
P754,Laptop,Electronics,135,67,S002,ElectroWorld Distributors,500,3,10,100,2024-02-12
P185,Smartphone,Electronics,58,34,S001,GlobalTech Supplies,300,11,8,100,2024-11-17
P222,Tablet,Electronics,195,55,S003,GadgetHub Inc.,200,11,5,100,2024-05-09
P884,Smartphone,Electronics,333,13,S003,GadgetHub Inc.,300,10,8,100,2024-10-11
P789,Laptop,Electronics,270,13,S003,GadgetHub Inc.,500,11,10,100,2024-12-12
P518,Smartphone,Electronics,224,55,S001,GlobalTech Supplies,300,9,8,100,2024-02-26
P458,Smartphone,Electronics,309,62,S001,GlobalTech Supplies,300,11,8,100,2024-03-08
P106,Smartphone,Electronics,74,100,S003,GadgetHub Inc.,300,7,8,100,2024-12-16
P409,Tablet,Electronics,96,93,S001,GlobalTech Supplies,200,7,5,100,2024-02-11
P539,Laptop,Electronics,84,94,S001,GlobalTech Supplies,500,12,10,100,2024-11-08
P651,Tablet,Electronics,143,30,S002,ElectroWorld Distributors,200,14,5,100,2024-12-18
P559,Laptop,Electronics,381,19,S001,GlobalTech Supplies,500,6,10,100,2025-01-03
P584,Laptop,Electronics,469,68,S002,ElectroWorld Distributors,500,9,10,100,2024-06-20
P677,Tablet,Electronics,390,64,S001,GlobalTech Supplies,200,11,5,100,2024-05-26
P317,Tablet,Electronics,324,69,S002,ElectroWorld Distributors,200,4,5,100,2024-11-02
P028,Laptop,Electronics,97,70,S001,GlobalTech Supplies,500,9,10,100,2024-05-01
P601,Tablet,Electronics,83,66,S003,GadgetHub Inc.,200,11,5,100,2024-08-21
P977,Laptop,Electronics,198,58,S003,GadgetHub Inc.,500,5,10,100,2024-09-26
P119,Smartphone,Electronics,480,16,S002,ElectroWorld Distributors,300,7,8,100,2024-02-24
P437,Laptop,Electronics,216,49,S003,GadgetHub Inc.,500,4,10,100,2024-06-27
P147,Smartphone,Electronics,76,26,S002,ElectroWorld Distributors,300,6,8,100,2024-03-30
P029,Laptop,Electronics,385,80,S002,ElectroWorld Distributors,500,11,10,100,2024-10-02
P644,Tablet,Electronics,278,48,S001,GlobalTech Supplies,200,12,5,100,2024-02-13
P691,Tablet,Electronics,208,14,S002,ElectroWorld Distributors,200,14,5,100,2025-01-21
P412,Laptop,Electronics,76,84,S001,GlobalTech Supplies,500,12,10,100,2024-08-15
P827,Smartphone,Electronics,253,58,S001,GlobalTech Supplies,300,4,8,100,2025-01-22
P269,Smartphone,Electronics,190,77,S003,GadgetHub Inc.,300,3,8,100,2024-05-19
P209,Laptop,Electronics,73,93,S001,GlobalTech Supplies,500,6,10,100,2024-11-03
P875,Tablet,Electronics,153,100,S003,GadgetHub Inc.,200,14,5,100,2024-10-24
P348,Laptop,Electronics,235,26,S003,GadgetHub Inc.,500,10,10,100,2024-05-31
P143,Tablet,Electronics,140,22,S002,ElectroWorld Distributors,200,3,5,100,2024-06-14
P274,Laptop,Electronics,304,62,S003,GadgetHub Inc.,500,10,10,100,2025-01-15
P499,Tablet,Electronics,429,100,S001,GlobalTech Supplies,200,5,5,100,2024-03-26
P414,Smartphone,Electronics,191,24,S002,ElectroWorld Distributors,300,5,8,100,2024-04-27
P705,Tablet,Electronics,84,74,S002,ElectroWorld Distributors,200,11,5,100,2025-01-05
P320,Tablet,Electronics,103,67,S002,ElectroWorld Distributors,200,9,5,100,2024-07-14
P377,Smartphone,Electronics,259,89,S003,GadgetHub Inc.,300,9,8,100,2024-04-23
P136,Tablet,Electronics,191,17,S002,ElectroWorld Distributors,200,6,5,100,2025-01-10
P720,Smartphone,Electronics,322,73,S002,ElectroWorld Distributors,300,11,8,100,2024-09-24
P708,Smartphone,Electronics,302,58,S003,GadgetHub Inc.,300,4,8,100,2024-05-30
P803,Tablet,Electronics,434,63,S003,GadgetHub Inc.,200,14,5,100,2024-07-31
P949,Laptop,Electronics,88,12,S001,GlobalTech Supplies,500,7,10,100,2024-04-30
P639,Laptop,Electronics,231,89,S002,ElectroWorld Distributors,500,8,10,100,2024-05-09
P507,Tablet,Electronics,287,68,S001,GlobalTech Supplies,200,5,5,100,2024-09-21
P088,Laptop,Electronics,216,47,S002,ElectroWorld Distributors,500,14,10,100,2024-10-02
P829,Tablet,Electronics,351,79,S001,GlobalTech Supplies,200,13,5,100,2024-03-30
P290,Laptop,Electronics,251,59,S002,ElectroWorld Distributors,500,11,10,100,2024-06-16
P890,Smartphone,Electronics,166,97,S002,ElectroWorld Distributors,300,6,8,100,2024-09-15
P752,Smartphone,Electronics,251,60,S003,GadgetHub Inc.,300,10,8,100,2024-09-18
P568,Tablet,Electronics,434,74,S003,GadgetHub Inc.,200,7,5,100,2024-03-19
P641,Laptop,Electronics,163,72,S002,ElectroWorld Distributors,500,6,10,100,2024-04-26
P300,Smartphone,Electronics,310,81,S002,ElectroWorld Distributors,300,12,8,100,2024-07-11
P247,Laptop,Electronics,247,91,S001,GlobalTech Supplies,500,13,10,100,2024-04-23
P145,Tablet,Electronics,258,51,S002,ElectroWorld Distributors,200,8,5,100,2024-02-16
P610,Laptop,Electronics,53,29,S003,GadgetHub Inc.,500,8,10,100,2024-08-10
P826,Laptop,Electronics,57,54,S001,GlobalTech Supplies,500,12,10,100,2024-11-11
P198,Tablet,Electronics,88,85,S003,GadgetHub Inc.,200,8,5,100,2024-07-24
P609,Smartphone,Electronics,498,74,S002,ElectroWorld Distributors,300,4,8,100,2025-01-24
P854,Tablet,Electronics,388,92,S003,GadgetHub Inc.,200,9,5,100,2024-09-05
P614,Laptop,Electronics,107,51,S001,GlobalTech Supplies,500,9,10,100,2024-08-28
P347,Smartphone,Electronics,195,90,S001,GlobalTech Supplies,300,4,8,100,2024-06-05
P866,Laptop,Electronics,75,77,S001,GlobalTech Supplies,500,8,10,100,2024-06-29
P770,Tablet,Electronics,324,80,S003,GadgetHub Inc.,200,10,5,100,2024-05-06
P886,Tablet,Electronics,337,33,S001,GlobalTech Supplies,200,9,5,100,2024-05-17
P847,Smartphone,Electronics,208,48,S003,GadgetHub Inc.,300,4,8,100,2024-09-19
P835,Tablet,Electronics,441,95,S001,GlobalTech Supplies,200,9,5,100,2024-05-15
P388,Laptop,Electronics,171,56,S003,GadgetHub Inc.,500,8,10,100,2024-03-08
P515,Laptop,Electronics,231,80,S002,ElectroWorld Distributors,500,7,10,100,2024-02-04
P393,Laptop,Electronics,90,93,S002,ElectroWorld Distributors,500,8,10,100,2024-06-28
P448,Tablet,Electronics,392,14,S001,GlobalTech Supplies,200,4,5,100,2024-05-03
P873,Tablet,Electronics,167,72,S001,GlobalTech Supplies,200,12,5,100,2024-02-09
P394,Smartphone,Electronics,468,51,S001,GlobalTech Supplies,300,9,8,100,2024-12-30
P067,Tablet,Electronics,162,75,S001,GlobalTech Supplies,200,8,5,100,2024-10-15
P478,Laptop,Electronics,112,54,S003,GadgetHub Inc.,500,5,10,100,2024-10-22
P701,Laptop,Electronics,437,29,S003,GadgetHub Inc.,500,10,10,100,2024-05-30
P392,Laptop,Electronics,252,11,S001,GlobalTech Supplies,500,12,10,100,2024-06-29
P953,Laptop,Electronics,469,45,S003,GadgetHub Inc.,500,4,10,100,2024-10-23
P059,Smartphone,Electronics,414,64,S001,GlobalTech Supplies,300,6,8,100,2024-06-10
P931,Laptop,Electronics,291,58,S003,GadgetHub Inc.,500,6,10,100,2024-06-27
P916,Smartphone,Electronics,222,69,S003,GadgetHub Inc.,300,3,8,100,2024-12-17
P225,Smartphone,Electronics,305,23,S002,ElectroWorld Distributors,300,8,8,100,2024-03-22
P864,Smartphone,Electronics,205,36,S003,GadgetHub Inc.,300,7,8,100,2024-11-08
P173,Tablet,Electronics,474,95,S003,GadgetHub Inc.,200,8,5,100,2024-10-28
P973,Tablet,Electronics,124,40,S002,ElectroWorld Distributors,200,3,5,100,2024-08-14
P169,Smartphone,Electronics,151,50,S001,GlobalTech Supplies,300,12,8,100,2024-04-24
P714,Tablet,Electronics,161,17,S002,ElectroWorld Distributors,200,12,5,100,2024-11-02
P186,Tablet,Electronics,163,11,S003,GadgetHub Inc.,200,10,5,100,2024-06-08
P905,Laptop,Electronics,468,41,S003,GadgetHub Inc.,500,9,10,100,2024-03-29
P500,Tablet,Electronics,430,41,S002,ElectroWorld Distributors,200,8,5,100,2024-12-07
P690,Smartphone,Electronics,402,21,S003,GadgetHub Inc.,300,5,8,100,2024-04-29
P378,Laptop,Electronics,441,89,S003,GadgetHub Inc.,500,3,10,100,2024-08-24
P779,Tablet,Electronics,476,18,S001,GlobalTech Supplies,200,6,5,100,2024-06-26
P598,Laptop,Electronics,406,91,S003,GadgetHub Inc.,500,9,10,100,2025-01-15
P172,Tablet,Electronics,490,11,S003,GadgetHub Inc.,200,5,5,100,2024-04-19
P915,Laptop,Electronics,376,31,S002,ElectroWorld Distributors,500,11,10,100,2024-06-02
P697,Smartphone,Electronics,114,16,S002,ElectroWorld Distributors,300,7,8,100,2024-06-09
P960,Tablet,Electronics,450,77,S003,GadgetHub Inc.,200,6,5,100,2024-03-01
P257,Smartphone,Electronics,193,59,S001,GlobalTech Supplies,300,12,8,100,2024-12-18
P443,Tablet,Electronics,347,40,S001,GlobalTech Supplies,200,5,5,100,2024-09-10
P079,Tablet,Electronics,282,22,S001,GlobalTech Supplies,200,6,5,100,2025-01-29
P471,Laptop,Electronics,184,30,S001,GlobalTech Supplies,500,14,10,100,2024-04-14
P049,Tablet,Electronics,466,73,S001,GlobalTech Supplies,200,10,5,100,2024-08-19
P650,Smartphone,Electronics,291,45,S003,GadgetHub Inc.,300,9,8,100,2024-04-08
P546,Smartphone,Electronics,224,90,S001,GlobalTech Supplies,300,14,8,100,2024-10-11
P739,Laptop,Electronics,139,67,S001,GlobalTech Supplies,500,8,10,100,2024-04-16
P997,Tablet,Electronics,182,62,S001,GlobalTech Supplies,200,7,5,100,2024-08-19
P530,Tablet,Electronics,391,90,S002,ElectroWorld Distributors,200,14,5,100,2024-05-05
P937,Laptop,Electronics,427,13,S002,ElectroWorld Distributors,500,10,10,100,2024-04-15
P975,Tablet,Electronics,74,79,S001,GlobalTech Supplies,200,5,5,100,2024-02-23
P627,Tablet,Electronics,271,26,S001,GlobalTech Supplies,200,14,5,100,2024-09-03
P100,Laptop,Electronics,421,25,S002,ElectroWorld Distributors,500,7,10,100,2024-12-10
P422,Smartphone,Electronics,153,87,S003,GadgetHub Inc.,300,11,8,100,2024-06-18
P685,Tablet,Electronics,298,92,S002,ElectroWorld Distributors,200,10,5,100,2024-02-19
P272,Tablet,Electronics,160,88,S003,GadgetHub Inc.,200,5,5,100,2024-08-16
P620,Smartphone,Electronics,319,10,S003,GadgetHub Inc.,300,12,8,100,2024-03-02
P861,Tablet,Electronics,242,18,S003,GadgetHub Inc.,200,13,5,100,2025-01-24
P926,Laptop,Electronics,364,17,S002,ElectroWorld Distributors,500,8,10,100,2024-12-09
P969,Tablet,Electronics,424,44,S003,GadgetHub Inc.,200,5,5,100,2024-06-24
P972,Tablet,Electronics,491,30,S001,GlobalTech Supplies,200,4,5,100,2024-07-07
P097,Smartphone,Electronics,200,39,S001,GlobalTech Supplies,300,13,8,100,2024-12-28
P706,Smartphone,Electronics,151,44,S001,GlobalTech Supplies,300,8,8,100,2024-11-06
P686,Smartphone,Electronics,211,92,S001,GlobalTech Supplies,300,3,8,100,2024-03-06
P218,Smartphone,Electronics,169,61,S002,ElectroWorld Distributors,300,13,8,100,2024-10-04
P809,Tablet,Electronics,110,43,S002,ElectroWorld Distributors,200,10,5,100,2024-07-20
