customer_id,first_name,last_name,email,phone,address,city,gender,age
50973,Kathleen,Reynolds,qholmes@example.net,(334)516-1315,"1450 Samantha Forks Suite 454
South Christianland, IA 67217",Richardfort,Female,22
60533,Natalie,Hughes,mikeanderson@example.org,+1-601-972-6770,"9503 Hernandez Mountain Apt. 193
Nicholasland, AZ 24957",East Scott,Male,44
87241,Kristin,Frank,pateldavid@example.com,205-400-1887x448,"5713 Martha Plains Apt. 168
Wilsonview, MN 21357",Tiffanyfort,Female,23
4304,Joy,Reyes,williamskristen@example.net,(660)230-1040x435,"Unit 6963 Box 7727
DPO AA 99944",Carlaborough,Female,31
88374,Lori,Turner,collinsnicole@example.net,304-218-2493,"488 Nicholas Extension
South Rebeccafurt, AZ 40180",Lydiaton,Female,61
55902,Hannah,Anderson,moranjustin@example.net,(726)804-1610x2916,"50792 Doyle Fall Apt. 331
Pricemouth, NE 22104",West Brentfort,Female,58
39483,Jessica,Long,sherrygonzalez@example.org,846-555-5854x8032,"09736 Melanie Center Suite 481
Grahamstad, AK 89958",Manuelshire,Female,19
98436,Dean,Williams,marystokes@example.com,366-466-0724x69297,"2576 Brian Manors Suite 664
Lake Denisefurt, KY 16193",Ryanmouth,Male,55
85572,Crystal,Espinoza,deannaacosta@example.org,(409)900-5798x18220,"39806 Sherman Inlet Suite 007
Coffeyside, NV 21126",East Taylorside,Male,56
4187,Michael,Lozano,wongsteven@example.org,001-293-393-2204x8947,"705 Cuevas Mall
Mendozashire, MH 14419",East Cynthia,Male,65
27355,Monica,Walker,moorerussell@example.com,777-953-3241,"49484 Gordon Trail Suite 934
Hallburgh, TN 40380",Jonesville,Female,19
26237,Kimberly,Wise,stonekristen@example.net,949-487-5525,"30705 Edward Creek
East Kevin, AL 87923",Callahanchester,Female,50
19894,Michael,Fowler,jenniferpage@example.org,+1-968-809-7551x4127,"PSC 2346, Box 4893
APO AE 17178",Harrisberg,Male,23
59937,Krystal,Davenport,moorejustin@example.net,630.516.0843,"1543 Coleman Valley
Johnchester, NV 75663",Lake Morganborough,Male,42
55396,Brenda,Wright,paul93@example.net,565.872.1824x23997,"Unit 3907 Box 0930
DPO AA 49169",Kingside,Female,28
92472,Kevin,Hoffman,smccoy@example.org,243-966-8994x732,"462 Henry Vista
South Ashley, VI 37740",Kevinside,Male,49
98157,Laura,Reed,fernandezjohnny@example.org,(568)637-0997x600,"8311 Jones Squares Suite 419
Johnborough, DC 78595",Patriciaport,Male,60
38601,Richard,Pineda,lisa46@example.com,726-277-7040x56486,"15126 Davis Ports Apt. 367
North Brookemouth, VI 94710",Whitneyhaven,Female,47
73973,David,Strickland,steven21@example.org,6297455029,"29790 Barber Flat Apt. 476
Walkerberg, CO 42578",Nicoleview,Male,60
54174,Courtney,Mitchell,richardsonbrittany@example.org,688.473.8460x26944,"369 Connie Lodge
Johnhaven, NV 13812",Drewton,Male,19
64995,Priscilla,Martinez,lucasharvey@example.org,+1-575-570-0302x04593,"4999 Victoria Pass
Masonview, OH 56267",Lake Andrew,Male,21
30309,Anne,Carlson,cgallagher@example.com,(558)676-4263x4401,"665 Karen Burgs Suite 575
Fritzstad, NY 23091",Wubury,Female,31
24926,David,Rojas,jasonpeterson@example.com,674-459-2881x9517,"605 Wright Via
Stevenburgh, MI 72708",Aaronberg,Female,64
64999,Deanna,Dorsey,ambermullen@example.com,647-430-1526,"USCGC Schmidt
FPO AE 81902",North Jenniferborough,Male,43
89420,Destiny,Kelly,sabrinarodriguez@example.com,357.468.8929,"4649 Roberson Knoll
Thompsonshire, RI 46751",New Jeffrey,Female,53
8646,Brett,Jennings,lisaphillips@example.org,+1-446-630-5161,"45630 Sean Walk
West Josephville, DE 33272",Shawnview,Female,18
60562,Jonathan,Carpenter,marciabush@example.org,(767)653-7360x907,"790 Contreras Squares Apt. 623
Michaelmouth, RI 94663",Lake Catherineside,Female,44
8490,Sarah,Stokes,anitamontgomery@example.org,551.752.8514x065,"524 Amanda Estates
Samanthaborough, VI 50255",Craigchester,Female,64
64039,Tara,Allison,mbush@example.net,001-305-942-4335,"10636 Roger Glens
New James, IL 59586",West Joshuabury,Female,39
28263,Kimberly,Wilson,wellsjennifer@example.com,(718)885-3889,"36194 Thompson Ford
West Sarahport, ID 28986",New Caleb,Male,21
84029,Valerie,Wheeler,gutierrezcarrie@example.net,001-927-512-6967x1748,"PSC 0758, Box 7764
APO AP 00831",North Christopher,Female,60
4842,Melissa,Wright,nesparza@example.org,001-950-478-5200x470,"507 Gonzalez Brook Apt. 486
South Christopherberg, RI 26744",Lake Emilymouth,Male,34
84575,Gloria,Smith,robert55@example.com,(599)792-3320,"06928 Gillespie Lodge Suite 064
Smithland, UT 02361",Port Doris,Male,49
42924,Heather,Luna,tbutler@example.com,402-403-7042,"8288 Martinez Squares Suite 130
Port Ashleybury, AZ 59740",Davidfort,Female,39
95531,Robert,Rodriguez,wboyle@example.com,001-340-941-9882,"6095 Buck Plain
Erichaven, ME 47559",Port Elizabethbury,Female,48
80139,Pamela,Flores,anna65@example.org,+1-429-732-9005x1270,"6535 Romero Centers Suite 291
Rileyside, ME 43020",Vargasfort,Female,51
25098,Janet,Fisher,xburch@example.com,417.405.4569,"4728 Smith Stravenue Suite 519
Lake Jesse, VT 41139",Markside,Male,39
63191,Nicholas,Poole,vlong@example.org,(914)318-4052x930,"3437 Alexa Fort
Port Ashley, MO 46419",Susanview,Female,65
61703,Jeffrey,Reynolds,andrewslucas@example.com,545.304.8340x256,"15692 Mcdonald Plaza Apt. 005
South Williamberg, CT 15595",East Summer,Male,42
31351,Michelle,Dillon,stevensoneric@example.com,(782)906-4152x582,"82445 Annette Ridge
North Christopherbury, GA 37393",Port Christopher,Female,37
46382,Charles,Pittman,xdixon@example.com,592.671.3121x922,"60067 Ramirez Mountain
New Jasmineborough, PW 33982",South Walter,Female,27
50955,Bobby,Harrison,olynn@example.net,427.786.0239,"5073 Michelle Summit Suite 715
East Karibury, IA 08920",Saraville,Female,57
21151,Breanna,Flores,brittanycarrillo@example.com,001-737-756-8721,"30218 Amy Cape Suite 234
East Brianfort, NH 59225",Port Paulfurt,Female,46
82911,Jonathan,Lewis,irandolph@example.org,9678359114,"USNS Combs
FPO AP 82304",East Margaretmouth,Male,39
76363,Michelle,Harris,ortizashley@example.net,(592)415-6973,"86797 Shane Estates Apt. 390
Gibbshaven, FM 66119",South Craigview,Male,63
87797,Charles,Taylor,znelson@example.net,285.515.5000,"02693 Miller Expressway
Lindahaven, WI 81883",West Aaronland,Female,37
61880,Karen,Hayes,mmunoz@example.org,(812)309-9797,"30805 Murray Islands
East Thomasland, NY 97852",North Donnaside,Female,38
21989,Terri,Whitehead,fallison@example.net,7115119216,"2383 Zhang Avenue Apt. 352
West Kimberlyhaven, OR 25823",Lake Jackiefurt,Male,48
60647,Matthew,Rios,alexandrakent@example.net,409.580.2492,"USNV Thomas
FPO AA 16093",West Kevin,Male,59
27209,Mary,Burgess,melanie70@example.com,256-663-7980,"631 Jones Garden Apt. 332
Port Corey, RI 08898",New Jean,Male,18
2640,Holly,Glenn,nicholas96@example.net,2934782815,"5226 Catherine Grove Suite 966
Cherryside, VT 56353",Jenniferland,Male,64
1940,Jesse,Robbins,stephanie67@example.com,624.649.4846x490,"52426 Laura Locks
Katiechester, GA 76791",East Jesse,Female,47
50708,Ashley,Bates,deanna55@example.com,6799979012,"451 Jennifer Fall Suite 572
West Dean, OR 02981",Margaretshire,Male,48
83113,Samantha,Davis,raymondmartin@example.org,(911)298-5826,"7624 John Burgs Apt. 647
Danielville, IN 51776",Brownside,Male,41
41614,Gregory,Jensen,mike80@example.net,+1-239-814-9910x76780,"USNV Nielsen
FPO AE 73984",Loriside,Male,25
52939,Maureen,Ballard,matthew87@example.org,510.411.6572,"1014 Jennifer Grove
Lake Andrew, OK 59350",Brockland,Female,55
42104,John,Williams,scott49@example.com,295-310-8903x91473,"0228 Boyer Isle Suite 977
Timfurt, UT 81105",Lisamouth,Male,56
33164,Christina,Allen,asanders@example.net,865.500.7721,"3921 Oneal Viaduct Apt. 213
Woodsland, IL 01452",Sanchezland,Female,56
41909,Maria,Moreno,nlynch@example.net,267-690-9615,"583 Bryan Via
East Rachael, DE 65297",Livingstonfurt,Male,38
37346,Jonathan,Johnson,havila@example.net,753-503-5356,"56073 Orr Corners
Jonesfurt, PR 46427",Adamville,Female,60
5330,Joseph,Bishop,hendrickstonya@example.net,4678256040,"027 Christy Common Apt. 717
Garrettbury, NJ 89032",Dyerberg,Female,23
57781,Sonya,Carey,edwardgonzalez@example.org,564.407.8656,"7453 Cook Mission
East Kristin, PA 04007",Sarahville,Male,59
97988,Mary,Taylor,ashleybarrett@example.net,(984)839-1699x07395,"209 Lynch Corners
Ronaldville, SD 60449",South Erik,Female,44
19864,Adrian,Giles,warnercarrie@example.net,587.651.1204,"PSC 4522, Box 9340
APO AA 94724",East James,Female,49
91614,Johnny,Carr,warrenamber@example.net,001-931-267-8814x92798,"18276 Nguyen Fort Suite 015
Port Andrewberg, CT 97419",South Richardville,Female,31
87200,James,Allen,buchananpaige@example.net,656-244-7388,"96731 Dunlap Estate
East Michaelland, UT 95550",Clineberg,Male,39
88824,Kristen,Thomas,bruce35@example.com,001-218-353-2154x8218,"USCGC Matthews
FPO AA 05287",Lake Alexandra,Female,57
70369,Joshua,Hopkins,william20@example.com,656-983-5424,"52067 Rivera View
Lake Nicole, WI 84127",North Mary,Male,25
26070,David,Torres,stewartcaitlin@example.com,957-507-2094x752,"862 April Well Suite 780
Port Frank, UT 84108",West Sandrachester,Female,30
8362,Alfred,Manning,pcooper@example.net,001-904-464-9575,"3615 Gonzalez Divide Apt. 479
South Rodneyshire, NH 52890",Aprilfurt,Male,40
28649,Robert,Brooks,michaelfisher@example.org,+1-604-379-2518,"71654 White Vista Suite 065
East Charlesfort, VI 47948",Robertstad,Male,26
77181,Justin,Morris,crawfordsean@example.net,692-658-8173x1441,"9878 Davies Ports Apt. 172
Aguilarville, PW 49435",Angelaside,Male,44
22319,Ross,Vega,aryan@example.com,+1-983-735-2834x619,"6212 Wall Center Apt. 974
Tracystad, CO 84690",Michaelbury,Male,24
76065,Michael,Johnson,michael09@example.org,583.549.5442x9262,"95549 Jerry Wells Suite 991
Myerschester, CT 54782",East Garrett,Male,65
42690,Angela,Brooks,jonesteresa@example.com,945.392.8262x6086,"9721 Bryan Manor Apt. 398
Patrickside, MH 73772",New Jonathanberg,Male,20
13782,Aaron,Harris,andreaspencer@example.com,(563)925-5699x05792,"42412 Melissa Underpass Suite 884
South Martha, WA 05022",Floresstad,Male,23
71215,Rachel,Banks,matthew25@example.net,(679)936-6819,"58406 Madden Ports Apt. 911
Jamesfort, CA 47678",New Cameron,Male,53
53769,Courtney,White,esingh@example.org,506.282.7695,"6152 Diaz Pike
East Melissaview, OK 87790",Davidmouth,Female,40
67414,David,Mcgee,zmitchell@example.net,7545554076,"431 Julia Walks
New Richard, NE 65217",Taraberg,Female,24
13679,Ashley,Lowe,michaellopez@example.org,(533)683-4958,"94156 Crystal Prairie
Whiteberg, RI 94904",Mitchellton,Male,45
26572,Heather,Shepherd,john93@example.net,001-769-359-3459x1541,"715 Jennings Centers
Perezside, TX 50615",Emilybury,Male,25
23133,Emily,Carter,angel31@example.net,(644)836-2236x51764,"886 Jonathan Forges
New Kimberly, WI 97412",Kennethland,Female,48
9692,Ashley,Barber,wmiller@example.org,001-838-221-9294,"29131 Rebecca Bypass Apt. 588
Kennethmouth, CA 53383",Mariaborough,Female,19
2543,Mariah,Kane,longrobert@example.net,919.414.5420x239,"727 Benson Oval Apt. 005
East John, NJ 48660",Nixonport,Female,51
23666,Philip,Miller,michaelchambers@example.net,3975498788,"4749 Mullen Ramp Apt. 297
West Andrewchester, CO 46304",Kington,Male,28
91736,Kenneth,Morris,calhounwilliam@example.com,+1-987-241-1686,"PSC 4703, Box 7902
APO AA 86967",Rachelland,Female,22
4452,Laura,Griffith,madison94@example.org,(879)426-6394,"435 Marks Drive
New Jared, MN 72302",Tylerbury,Male,46
75330,Steven,Walton,melaniemichael@example.net,001-379-886-8590x98074,"4549 Davis Place
South Erictown, IN 57221",Davidtown,Male,52
45386,Scott,Ewing,heather25@example.com,001-677-344-0735,"16010 Graham Springs Apt. 011
Adamsfort, MH 25417",South Donaldbury,Male,60
89380,Sherry,Nunez,goodmandoris@example.com,+1-535-925-1356,"1213 Alejandro Creek
Carterberg, WI 50319",Wesleyfort,Male,36
29473,Robert,Bradford,torresdavid@example.com,3669968533,"96238 Castro Hills Apt. 984
Porterside, MN 02843",Wongbury,Male,31
93890,Valerie,Fisher,bmiller@example.com,377.689.9319x5796,"13009 Jacqueline Circles
Bethborough, FL 93454",Kristenton,Female,58
18689,Robert,Hendricks,ferrelllauren@example.com,001-827-903-2355x77868,"824 Makayla Lake
Clarkbury, NE 50526",Samuelport,Female,57
47258,Nicole,Simmons,deborahcampbell@example.org,(760)880-6242,"483 Rachel Inlet Apt. 618
West Corey, UT 03097",Delgadostad,Female,61
73479,Jason,Taylor,campbellcarol@example.net,(309)253-4888x896,"185 Stephanie Path Suite 030
South Marilyn, CT 46995",Katelynport,Female,48
41859,Heather,Flynn,gadams@example.com,212.736.4486x479,"877 Christopher Wall Suite 391
Lake Justinland, IA 95505",East Frederick,Male,29
53119,Rachel,Shepherd,josephtorres@example.net,237-578-4330,"19743 Moss Meadows
Lake Ronaldton, IL 62198",North Eric,Female,32
8831,Anthony,Parsons,ugraham@example.org,(620)855-7792,"0743 Martin Parks
Reedstad, MS 34107",Ryanburgh,Female,43
41452,Jonathan,Romero,rmcmillan@example.com,645.752.3345x1849,"14774 Ana Summit
Chandlerberg, AS 26035",Lake Charlottebury,Female,61
89632,Rebecca,Nelson,deckerkaren@example.com,001-627-684-9022x522,"700 Hogan Coves Suite 792
Lake Heatherport, NV 27986",Lake Daniel,Female,47
17094,Sara,Davis,cindy39@example.org,348.598.1054x254,"82363 Tony Stravenue Apt. 058
Wardmouth, IA 92422",Lopezville,Male,58
38471,Jeffrey,Webb,george61@example.com,001-478-235-0572x070,"9424 King Plaza
South Elizabeth, KS 41649",Bullockburgh,Female,60
41281,Troy,Price,marissahaley@example.org,(417)570-9227x6379,"7802 Lee Rapids
West Jeff, AK 98488",Pamelamouth,Male,58
76349,Michele,Nash,charlesshaw@example.org,799.633.4311,"847 Pacheco Estate Suite 515
Williamschester, KY 50083",Stonestad,Female,63
39039,David,Lee,ybarber@example.com,857-204-9728x75257,"0432 Joshua Views Apt. 826
Ayalamouth, AL 68939",East James,Male,55
75787,Matthew,Serrano,patrick11@example.net,+1-635-331-1334x64928,"3769 Peterson Corner Apt. 250
Barbaraside, UT 50115",Joannville,Female,40
91666,Justin,Stewart,felicia05@example.org,988-761-0184x37021,"0682 Robert Knoll
Lake Dorothyside, OH 65013",New Derek,Male,44
71251,Tracy,Kelley,william66@example.com,+1-285-665-1181x770,"22351 Michelle Inlet Apt. 115
New Dannyview, ME 19357",Kristintown,Female,26
36340,Joan,Potter,dorr@example.com,+1-858-385-6411,"Unit 2558 Box 9741
DPO AE 19913",Williamsland,Male,40
15232,Justin,Wilson,mossmark@example.com,001-966-278-5495,"Unit 1603 Box 8470
DPO AA 20946",East Joshua,Female,34
29968,Jasmine,Moore,kathryn43@example.com,(813)220-9961,"8571 Rachel Mount
Sandraside, OK 10319",Gregorymouth,Male,28
7215,Brandon,Ewing,patriciaweber@example.net,(943)483-2930x263,"22291 Susan Square Apt. 987
Kington, MT 31422",Gouldburgh,Male,28
62347,Angela,Harris,dkramer@example.net,333.848.1063,"02245 Eric Camp Apt. 973
Williamsborough, SC 43881",Port Keithshire,Male,40
12039,Mary,Rodriguez,williammiller@example.org,001-368-644-5775x899,"945 Vasquez Course Suite 135
South Kimberlyshire, CT 32982",Jacksonhaven,Female,29
426,Michael,Summers,shawshelia@example.org,+1-418-596-3233x36214,"273 Larson Hills
Simmonsbury, VI 95152",East Melissa,Male,30
31856,Andrea,Richardson,uduke@example.net,001-790-474-7832x60789,"283 Jones Greens
East Tanyabury, WA 89661",West Brendan,Female,18
50651,Carol,Hayes,sandraklein@example.com,9812441894,"2407 Butler Mills Apt. 731
New Paulton, KY 66261",Robertview,Female,38
45052,Cheyenne,Russell,dscott@example.org,(298)860-6950,"8918 Sabrina Key Suite 333
Taylorland, NY 70229",Isaacland,Female,21
22597,John,Dunn,sara49@example.net,890-659-0388x469,"1921 Rivers Viaduct
Reynoldsstad, ME 88811",New Leonard,Male,22
66677,Amanda,Edwards,timothywatkins@example.org,958-395-2632x82317,"31281 Young Plaza Apt. 676
South Josephstad, AR 43241",Vegamouth,Female,43
44699,Stephen,Campbell,chavezcharles@example.net,306.635.9513x6959,"894 Glover Row Suite 511
Geraldtown, NC 59755",New Tonibury,Female,39
51879,Seth,Jones,brownvincent@example.org,001-359-322-0744x41954,"552 Becker Manors Apt. 224
Lake Courtneyport, NC 05113",New Elizabeth,Male,61
37438,Brian,Newman,nicholewilson@example.net,001-320-787-0973x29505,"0243 Thornton Ports Suite 870
Stewartshire, AZ 89327",New Michaelport,Male,59
36292,Dawn,Tran,melissacarney@example.org,(749)761-9872,"7508 Kevin Valley Apt. 763
East Gregoryfurt, GA 52949",Matthewsside,Male,52
43276,Andrew,Lowery,hthomas@example.com,343.691.6097x4269,"124 Logan Walk
Elizabethborough, AZ 97249",Ronnieview,Male,31
55919,Brittany,Cantu,tapialori@example.net,+1-224-486-8820x815,"67252 Williams Circles Suite 661
West Karenland, CT 39414",South Kelseyhaven,Female,56
63117,Patricia,Stewart,eberger@example.org,816-638-6250x709,"3812 Joseph Courts Apt. 553
South Jake, FM 25101",Lake Ambermouth,Male,58
17411,Yolanda,Fisher,wwebster@example.org,001-668-611-7767x1666,"7983 Johnson Springs Suite 355
Gonzaleshaven, KY 16842",Jermaineland,Male,53
13056,James,Perez,uwhite@example.com,595.719.1534x317,"PSC 7466, Box 5039
APO AE 87330",Harrisfort,Female,25
6437,John,Scott,wileyveronica@example.org,+1-383-738-8454x69432,"37911 Jones Walk
Lindaside, FM 87643",South Richard,Male,45
49124,Michael,Madden,shawchristine@example.com,+1-848-262-1853,"5266 Bush Plains Suite 378
New Harry, FL 04394",Jefferyville,Male,54
46768,Michael,Mejia,schultzadam@example.org,001-933-876-2064,"97810 Maria Falls
Smithton, WY 93402",Gailmouth,Female,61
67948,Andrew,Massey,tmorris@example.net,001-302-921-2102x96965,"14680 Medina Corners Suite 651
Virginiashire, TN 38092",New Jessicachester,Female,52
65084,Elizabeth,Powell,cparrish@example.net,2438255498,"932 Zavala Squares
Rossshire, AL 58934",Melendezhaven,Female,42
13880,Monica,Vasquez,debrahansen@example.org,001-270-537-0813x59499,"9440 Patrick Coves
Jamesside, OR 50181",Smithhaven,Female,22
44830,Anthony,Edwards,uhill@example.net,001-673-799-5097x04109,"17648 Moore Bridge Suite 261
Dustinfort, MP 69287",Port Kelly,Male,46
47910,Courtney,Holland,zgarcia@example.org,874.206.6731x212,"7414 Bright Estate
South Carrie, ND 30903",Freybury,Male,56
81329,Alexander,Brown,richardsonrebekah@example.net,(569)384-2228x809,"1058 Lucas Springs Suite 226
Whitemouth, NH 45869",Amandaville,Female,54
91174,Scott,Johnson,margaretreyes@example.com,8594330835,"Unit 1968 Box 2764
DPO AA 26562",Mitchellshire,Male,30
48111,Jennifer,Frank,grayjames@example.org,444.509.6239x32746,"PSC 0278, Box 3308
APO AP 80244",Lake Samantha,Male,38
26835,Nancy,Lowery,nicole76@example.com,5629742642,"66623 Mcknight Field
West Edwardfurt, OH 07597",Lake Lauren,Male,48
62482,James,Mullen,kim96@example.com,309.702.6025x33282,"4795 Paul Coves
South Meganburgh, IL 75647",Port Timothy,Male,37
77055,Jeffrey,Walton,andrew04@example.net,001-611-924-2896x8423,"Unit 3471 Box 5282
DPO AA 21198",East Colleen,Male,61
49348,John,Chavez,wallerchristian@example.net,(384)702-4266,"875 Kelly Extensions Suite 786
Joshuastad, AK 41498",Stoneberg,Male,63
91901,Jonathan,Brown,tim47@example.org,5563729477,"331 Kevin Park
New Morgan, IL 87350",Youngmouth,Male,50
19036,Daniel,Jones,paulwalker@example.net,+1-422-854-9245x9708,"8826 Madison Falls Apt. 826
Justinchester, TX 64706",Perezside,Female,19
10215,Kevin,Snow,fphelps@example.com,388-574-0725x94138,"1986 Watkins Terrace
Wongbury, ND 50211",Blakebury,Female,64
44231,Shirley,Poole,cynthiaanderson@example.com,808.565.3823,"413 Shawn Divide Apt. 411
Mackmouth, OH 72791",Boydville,Female,59
72627,Thomas,Dixon,qrichardson@example.com,273-382-9551x05566,"99844 Suzanne Corner Apt. 999
Tonyafort, GA 60193",Calebfort,Female,48
28755,Leslie,Clark,ybaker@example.net,(217)356-1597x519,"845 Moon Village Suite 273
Justinfort, AK 87315",North Matthew,Male,33
19411,Victoria,Sanchez,djohnson@example.org,947-332-5800,"0407 Matthew River
Davismouth, AZ 96193",New Joshua,Female,22
21772,Brittany,Williams,timothymcdaniel@example.org,(588)583-0687x651,"885 Wagner Gardens
Blakeborough, ND 07889",Arielburgh,Female,50
94064,Lori,Kelly,kingchelsea@example.org,001-833-295-4036x79151,"97353 Smith Ports
Jamesfort, AS 40760",Rachelstad,Female,22
14909,James,Moore,zachary98@example.org,001-994-749-1301,"688 Timothy Haven
East Tyroneland, DE 93816",North Michellehaven,Female,57
94296,Samantha,Smith,mdavis@example.net,428-653-8067,"97176 Cook Gateway
Martinburgh, AS 59013",South Katie,Male,35
13510,Paul,Tanner,jennifer18@example.net,+1-324-732-5414x3261,"Unit 1953 Box 1874
DPO AP 86223",Jasonstad,Female,36
56369,Nicole,White,ericbowman@example.com,7049493653,"8385 Thomas Mountains Suite 547
Washingtonhaven, DC 53599",East Jackland,Male,45
96946,John,Day,jonesstephen@example.net,971.610.9421x4333,"68057 Shields Garden
Port Stevemouth, NV 75224",Michaelmouth,Male,49
39292,Paul,Schaefer,kelly53@example.org,001-206-217-9653,"2244 Brandon Terrace
Gibsonborough, MI 51469",East Johnside,Female,23
93586,Ryan,Hester,robertturner@example.com,(371)963-3653,"3138 Nicole Center
West Michael, MH 23416",Christopherberg,Female,48
18787,Patricia,Carter,paulfuller@example.org,667.259.5343x7059,"3521 Charles Plains
Parkborough, IA 72673",West Annette,Female,37
4998,Brenda,Robinson,canturebecca@example.net,(568)673-0126x3815,"3081 William Shores
Amandastad, FL 78705",East George,Male,63
41669,Jessica,Long,castrodiamond@example.net,001-898-376-6546,"88935 Jones Circles Apt. 344
Dunnville, ME 77598",Lake Stephenport,Female,46
33221,Alison,Kirk,wortega@example.net,001-949-279-2857x0519,"PSC 8688, Box 4644
APO AE 91099",Richardsside,Female,25
49723,Amber,Johnson,samanthajensen@example.com,(787)929-5783x994,"7867 Roger Gardens Apt. 706
East Jacob, VT 61332",North Michaelshire,Female,36
47776,Jason,Clark,christineadams@example.org,(425)724-8187x0320,"Unit 9254 Box 2701
DPO AP 96385",Tammystad,Male,63
92655,Jane,Padilla,ihernandez@example.com,578-913-6415,"12942 Lopez Union
South Scottview, OH 67566",Stevenschester,Male,63
47426,Wendy,Steele,david59@example.com,(573)972-3183x88201,"43041 Adam Rest Suite 915
Port Jessica, MA 59861",Melissaport,Female,57
76809,Donald,Hayes,haley21@example.net,990.969.7374x829,"357 Schneider Plains Suite 227
Moorehaven, IN 08368",Lake Timothy,Male,26
74874,Dawn,Valdez,karenhampton@example.com,+1-778-255-1922x022,"4320 Paula Village
West Kyle, AL 24084",Willietown,Male,19
72805,Tammy,Smith,jessicagarcia@example.com,+1-526-286-3643x9077,"42869 Jennifer Station
West Erinburgh, RI 57161",Parkerbury,Female,58
87232,Matthew,Arias,ryanmatthews@example.org,798-352-4511,"679 Hooper Gardens
Lake Ernesttown, IL 99485",East Catherineshire,Female,37
34416,Amber,Vance,bwheeler@example.org,643-315-0533x2456,"5746 Bean Points Apt. 877
Gomezmouth, GA 07973",Bowenmouth,Male,19
44438,Chad,Short,brittany94@example.net,483.231.9972,"5930 Trujillo Bypass Apt. 698
Abigailview, CO 65965",Michellestad,Female,55
27113,Lucas,Medina,diazbrenda@example.com,338-432-3178x449,"4036 Fuentes Haven Apt. 102
Lake Madison, TX 34093",Port Ronald,Male,18
31772,Sandra,Brock,bakerbarbara@example.net,(850)258-8499x78711,"968 Alvarez Ports
Lake Mckenzieshire, KS 75446",East James,Male,50
7334,Gerald,Young,joshuahenry@example.org,522-476-4621,"852 Curtis Freeway
North Stevenhaven, WV 78711",Lake Chrisburgh,Female,54
749,Melissa,Salas,diamond48@example.com,+1-561-862-9744x494,"47818 Collier Road
Danielland, DC 98383",Port Carrieshire,Male,18
43742,Richard,Torres,hernandeznancy@example.com,+1-902-555-7932,"971 Angela Manor Apt. 496
Masontown, SD 15402",South Joseph,Male,23
15034,Anthony,Elliott,nwhite@example.net,(587)739-7315x086,"1905 Simmons Junction
East Brian, OH 99183",South Sydney,Male,47
33718,Nathaniel,Hernandez,mobrien@example.net,(943)468-1328x0169,"6113 Scott Trafficway Suite 636
North Maryside, NC 79460",Chaneyborough,Female,40
71624,James,Daniels,jenniferblevins@example.net,598.863.9951,"562 Medina Lodge
Kristiberg, AZ 39045",East Claudiachester,Male,60
78893,Keith,Schwartz,gomezsarah@example.net,(670)546-9482,"2686 Ashley Vista
Judytown, MI 87947",Wrightberg,Female,46
33134,Steven,Glover,careybryan@example.org,725-405-6631x65129,"PSC 7671, Box 4563
APO AE 82289",East Melissa,Male,47
47602,Miranda,Boyer,annparks@example.com,+1-317-708-1322x87829,"908 Ryan Garden
North Michael, MO 10956",Kevinview,Male,53
95534,Chelsey,Powell,yolandaguerrero@example.com,811-317-0574x9619,"43855 Donald River Suite 731
Tyronemouth, NM 73854",Port Elizabeth,Male,34
35143,Andrea,Brennan,andrewallen@example.com,828.322.3221x9718,"68899 Katrina Plain
South Christina, SC 03422",South Nataliemouth,Male,34
65690,Bryan,Herrera,melissamartin@example.org,+1-387-799-9286x184,"7968 Bolton Island Suite 796
Richardport, NV 24647",Pierceview,Female,33
88571,Daniel,Schneider,brownkevin@example.com,8145433949,"7905 Jacob Forges Suite 071
Whitneyhaven, MI 17529",Nathanmouth,Male,46
93384,Donna,Brewer,davidcharles@example.net,+1-355-740-4318,"40578 Rivera Mews Suite 151
Sparkstown, PW 72369",Stanleyton,Female,51
49241,Elizabeth,Winters,christopherhill@example.org,210-574-3805,"17005 King Causeway
Port Justinton, IL 97101",Gonzalezport,Male,22
10503,Michael,Oconnor,thanson@example.org,822.202.6884x57769,"6635 Gill Mountains
Williamsmouth, TN 53507",East Jason,Female,23
85893,Jonathon,Perez,katherinegutierrez@example.net,+1-356-815-9583,"434 Yang Stravenue
Moorefort, AK 45741",Michaelshire,Male,28
99868,Molly,Johnson,riverajoshua@example.com,001-611-864-5766x12330,"87550 Simmons Garden Suite 766
Lake Alexis, NY 76208",Martinezview,Male,34
50531,Brian,Kennedy,estradamichele@example.net,001-436-889-6310x94502,"1645 Ricky Crescent
Wallburgh, KY 86964",Brandonview,Female,32
49394,Alejandro,Parks,ryan64@example.com,310.943.8002,"29392 Farmer Isle Apt. 420
Derrickview, IL 01716",Lake Ryan,Male,56
15892,Jonathan,King,jessicalewis@example.org,699.595.4933x322,"5620 Woods Wells
Port Kellyside, RI 81412",Villastad,Female,45
25835,Christine,Taylor,douglasroberts@example.org,355.705.5771x78256,"156 Edwards Haven Suite 948
Arnoldstad, TX 71878",East Joyshire,Male,56
77734,Lisa,Gonzales,alexlawson@example.org,2304724218,"49975 Dudley Isle
South Tracy, KS 65752",Sharonstad,Male,36
89745,John,Browning,jeremy99@example.net,(915)434-7316x08665,"289 Davis Estate Apt. 443
Port Kevinberg, NV 95357",Lake David,Female,31
